zip_code,Number of returns [2],Earned income credit [11],Number with paid preparer's signature,eitc_rate,paid_preparer_rate
90001,22540.0,6340,17920.0,28.127772848269743,79.5031055900621
90002,21180.0,6810,16230.0,32.15297450424929,76.62889518413598
90003,28580.0,9180,21770.0,32.12036389083275,76.17214835549335
90004,27970.0,4700,19090.0,16.803718269574546,68.25169824812299
90005,17480.0,2830,11170.0,16.189931350114417,63.901601830663616
90006,23430.0,5170,17150.0,22.065727699530516,73.19675629534784
90007,11750.0,2620,7310.0,22.29787234042553,62.21276595744681
90008,14180.0,3010,9250.0,21.227080394922424,65.23272214386459
90010,3210.0,330,2010.0,10.2803738317757,62.616822429906534
90011,40200.0,10810,31490.0,26.89054726368159,78.33333333333333
90012,12480.0,2050,6990.0,16.42628205128205,56.00961538461539
90013,4710.0,710,2330.0,15.074309978768577,49.469214437367306
90014,3290.0,500,1680.0,15.19756838905775,51.06382978723404
90015,10840.0,1650,6600.0,15.22140221402214,60.88560885608856
90016,22790.0,4220,15270.0,18.51689337428697,67.00307152259764
90017,11140.0,1900,6750.0,17.0556552962298,60.592459605026924
90018,21510.0,4710,15280.0,21.896792189679218,71.03672710367272
90019,28650.0,4480,19300.0,15.636998254799304,67.36474694589877
90020,18270.0,3230,11920.0,17.67925561029009,65.24356869184456
90021,1440.0,220,990.0,15.277777777777779,68.75
90022,27670.0,6220,20930.0,22.4792193711601,75.64148897723166
90023,18120.0,4280,14030.0,23.62030905077263,77.42825607064017
90024,14690.0,740,9300.0,5.037440435670524,63.30837304288631
90025,25780.0,1540,14630.0,5.973622963537626,56.749418153607444
90026,30770.0,4440,19560.0,14.429639259018526,63.56841078973026
90027,22950.0,2850,13770.0,12.418300653594772,60.0
90028,16370.0,2890,8480.0,17.65424557116677,51.802076970067205
90029,16470.0,2940,10740.0,17.850637522768668,65.20947176684882
90031,16100.0,3430,11280.0,21.304347826086957,70.06211180124224
90032,19310.0,3440,13310.0,17.81460383221129,68.9280165717245
90033,17830.0,4380,13110.0,24.565339315759953,73.52776219854178
90034,29690.0,2870,15790.0,9.666554395419332,53.18288986190637
90035,13530.0,1200,8600.0,8.869179600886918,63.562453806356245
90036,19350.0,1750,11240.0,9.043927648578812,58.08785529715762
90037,24770.0,7000,18850.0,28.259991925716594,76.10012111425111
90038,13730.0,2320,8560.0,16.89730517115805,62.34522942461762
90039,14850.0,1390,10050.0,9.36026936026936,67.67676767676768
90040,5750.0,1100,4320.0,19.130434782608695,75.13043478260869
90041,12540.0,1200,8500.0,9.569377990430622,67.78309409888357
90042,26890.0,3800,18000.0,14.131647452584604,66.93938267013759
90043,20760.0,4350,14310.0,20.953757225433524,68.9306358381503
90044,37490.0,11640,27560.0,31.048279541210988,73.51293678314217
90045,18310.0,1230,10980.0,6.717640633533588,59.96723102129984
90046,26240.0,2380,15190.0,9.070121951219512,57.88871951219512
90047,23620.0,5510,16300.0,23.3276883996613,69.00931414055886
90048,11910.0,760,7610.0,6.381192275398824,63.89588581024349
90049,17910.0,730,12820.0,4.075935231714126,71.58012283640424
90056,4420.0,410,3080.0,9.276018099547512,69.68325791855203
90057,16250.0,3320,11350.0,20.43076923076923,69.84615384615384
90058,1390.0,480,1050.0,34.53237410071942,75.53956834532374
90059,17810.0,5840,13140.0,32.79056709713644,73.77877596855699
90061,12020.0,3560,8930.0,29.61730449251248,74.2928452579035
90062,14380.0,3630,10440.0,25.24339360222531,72.60083449235049
90063,21190.0,4680,15800.0,22.085889570552148,74.56347333647948
90064,14960.0,870,9640.0,5.815508021390374,64.43850267379679
90065,21030.0,2880,14550.0,13.69472182596291,69.18687589158345
90066,27840.0,2090,17120.0,7.507183908045977,61.49425287356321
90067,3850.0,100,3580.0,2.5974025974025974,92.98701298701299
90068,11750.0,1000,7790.0,8.51063829787234,66.29787234042553
90069,12770.0,790,8370.0,6.186374314800313,65.54424432263116
90077,3820.0,140,3140.0,3.664921465968586,82.19895287958116
90094,4870.0,190,2980.0,3.9014373716632447,61.19096509240246
90201,39940.0,9930,32110.0,24.86229344016024,80.39559339008512
90210,9030.0,410,7810.0,4.540420819490587,86.48947951273533
90211,5110.0,430,3930.0,8.414872798434441,76.90802348336595
90212,6850.0,540,5180.0,7.883211678832117,75.62043795620438
90220,22440.0,5670,16540.0,25.267379679144387,73.70766488413547
90221,22510.0,6030,17220.0,26.78809418036428,76.499333629498
90222,13580.0,3800,10240.0,27.982326951399116,75.40500736377025
90230,15460.0,1450,9760.0,9.379042690815007,63.130659767141005
90232,8810.0,640,5200.0,7.264472190692395,59.02383654937571
90240,12380.0,1790,9240.0,14.45880452342488,74.63651050080774
90241,20880.0,3410,15450.0,16.331417624521073,73.99425287356321
90242,19630.0,3310,14450.0,16.86194600101885,73.61181864493122
90245,9280.0,490,5650.0,5.280172413793103,60.883620689655174
90247,23040.0,4040,16270.0,17.53472222222222,70.61631944444444
90248,5750.0,850,3970.0,14.782608695652174,69.04347826086956
90249,13260.0,2260,9100.0,17.043740573152338,68.62745098039215
90250,43650.0,8430,30610.0,19.312714776632305,70.12600229095074
90254,10080.0,380,6270.0,3.7698412698412698,62.202380952380956
90255,30130.0,6860,24340.0,22.768005310321936,80.78327248589446
90260,15790.0,2990,11110.0,18.936035465484483,70.36098796706777
90262,28400.0,6790,22030.0,23.908450704225352,77.57042253521126
90265,6060.0,340,4720.0,5.6105610561056105,77.88778877887789
90266,16650.0,500,11790.0,3.003003003003003,70.8108108108108
90270,10570.0,2340,8520.0,22.138126773888363,80.60548722800378
90272,10350.0,340,8400.0,3.2850241545893724,81.15942028985508
90274,12860.0,350,9640.0,2.7216174183514776,74.96111975116641
90275,19760.0,860,13240.0,4.352226720647773,67.00404858299595
90277,18770.0,960,11730.0,5.1145444858817255,62.49334043686734
90278,19890.0,1240,11750.0,6.234288587229764,59.07491201608849
90280,41020.0,9000,32300.0,21.940516821062896,78.74207703559239
90290,2940.0,260,2190.0,8.843537414965986,74.48979591836735
90291,13790.0,1070,8780.0,7.75924583031182,63.669325598259604
90292,14270.0,720,8910.0,5.045550105115628,62.43868255080589
90293,6820.0,330,3970.0,4.838709677419355,58.21114369501467
90301,16360.0,3540,11880.0,21.638141809290953,72.6161369193154
90302,13390.0,2870,9150.0,21.433905899925318,68.3345780433159
90303,11160.0,2520,8360.0,22.58064516129032,74.91039426523297
90304,11490.0,2570,8960.0,22.36727589208007,77.98085291557877
90305,7380.0,1100,4850.0,14.905149051490515,65.71815718157181
90401,4540.0,440,2520.0,9.691629955947137,55.50660792951542
90402,5150.0,180,4140.0,3.4951456310679614,80.3883495145631
90403,13490.0,650,8380.0,4.818383988139362,62.120088954781316
90404,10980.0,1130,6270.0,10.29143897996357,57.103825136612016
90405,14710.0,1020,9260.0,6.934058463630184,62.95037389530931
90501,20610.0,2800,13690.0,13.58563803978651,66.42406598738476
90502,9120.0,1100,6210.0,12.06140350877193,68.0921052631579
90503,21270.0,1580,13000.0,7.428302773859896,61.1189468735308
90504,16120.0,1640,10190.0,10.173697270471465,63.21339950372209
90505,17580.0,1140,10990.0,6.484641638225256,62.51422070534699
90601,15510.0,1930,10730.0,12.443584784010316,69.18117343649259
90602,11790.0,1840,8180.0,15.606446140797287,69.38083121289228
90603,10170.0,850,7020.0,8.357915437561456,69.02654867256636
90604,18770.0,2390,13010.0,12.733084709643046,69.31273308470965
90605,19030.0,2880,13870.0,15.133998949027852,72.88491854965844
90606,15060.0,2370,10970.0,15.737051792828685,72.84196547144755
90620,22480.0,2570,14930.0,11.432384341637011,66.41459074733096
90621,16930.0,2720,12180.0,16.066154754873008,71.94329592439456
90623,7670.0,680,5120.0,8.865710560625816,66.7535853976532
90630,24120.0,2320,15280.0,9.618573797678277,63.349917081260365
90631,32770.0,3930,22900.0,11.992676228257553,69.88098870918523
90638,22440.0,2070,15150.0,9.224598930481283,67.51336898395722
90640,29070.0,5080,21080.0,17.475060199518406,72.51461988304094
90650,47880.0,7790,34720.0,16.26984126984127,72.51461988304094
90660,29260.0,4800,21610.0,16.404647983595353,73.8550922761449
90670,8180.0,1120,5690.0,13.691931540342297,69.559902200489
90680,14280.0,2490,10250.0,17.436974789915965,71.77871148459384
90701,7690.0,1180,5560.0,15.344603381014304,72.30169050715214
90703,24630.0,1850,16190.0,7.511165245635404,65.7328461226147
90706,35440.0,6500,24990.0,18.340857787810382,70.5135440180587
90710,12320.0,1950,8580.0,15.827922077922077,69.64285714285714
90712,15960.0,1550,10500.0,9.711779448621554,65.78947368421053
90713,14020.0,1050,9110.0,7.4893009985734675,64.97860199714694
90715,9830.0,1500,6610.0,15.25940996948118,67.24313326551373
90716,6070.0,1340,4580.0,22.075782537067546,75.45304777594728
90717,10450.0,1430,6830.0,13.684210526315791,65.35885167464114
90720,11240.0,740,7360.0,6.583629893238434,65.48042704626334
90723,23960.0,5330,17870.0,22.245409015025043,74.58263772954925
90731,26690.0,4500,17790.0,16.860247283626826,66.65417759460472
90732,10670.0,740,7240.0,6.935332708528586,67.85379568884724
90740,13720.0,500,9060.0,3.6443148688046647,66.03498542274052
90744,22590.0,4930,17420.0,21.82381584772023,77.1137671536078
90745,28590.0,4210,20890.0,14.72542847149353,73.06750612102134
90746,13740.0,1860,9290.0,13.537117903930133,67.61280931586609
90755,5880.0,790,3810.0,13.435374149659864,64.79591836734694
90802,20060.0,2620,10330.0,13.060817547357924,51.49551345962114
90803,16880.0,870,10640.0,5.154028436018957,63.03317535545023
90804,17450.0,3270,10470.0,18.73925501432665,60.0
90805,40860.0,9360,28590.0,22.90748898678414,69.97063142437592
90806,17950.0,3910,12350.0,21.78272980501393,68.80222841225627
90807,16010.0,1700,10260.0,10.618363522798251,64.08494690818239
90808,19580.0,1210,12660.0,6.179775280898876,64.65781409601634
90810,16880.0,3300,12150.0,19.549763033175356,71.97867298578198
90813,21150.0,5630,14410.0,26.6193853427896,68.1323877068558
90814,9890.0,910,5560.0,9.201213346814964,56.21840242669363
90815,19130.0,1310,11960.0,6.847882906429692,62.5196027182436
91001,17260.0,1770,11340.0,10.254924681344148,65.70104287369641
91006,15590.0,1530,10450.0,9.81398332264272,67.03014753046826
91007,15430.0,1640,10280.0,10.628645495787428,66.62346079066754
91008,510.0,30,380.0,5.88235294117647,74.50980392156863
91010,12590.0,1660,8510.0,13.18506751389992,67.5933280381255
91011,9460.0,360,6850.0,3.8054968287526427,72.41014799154334
91016,19640.0,2210,12490.0,11.25254582484725,63.59470468431772
91020,3770.0,430,2460.0,11.405835543766578,65.25198938992042
91024,5490.0,310,3440.0,5.646630236794172,62.659380692167574
91030,12550.0,940,7780.0,7.49003984063745,61.992031872509955
91040,9600.0,1170,6980.0,12.1875,72.70833333333333
91042,12310.0,1810,9140.0,14.703493095044678,74.24857839155159
91101,10320.0,860,5450.0,8.333333333333332,52.81007751937985
91103,12000.0,1900,7890.0,15.833333333333332,65.75
91104,16240.0,1860,10500.0,11.453201970443349,64.65517241379311
91105,6750.0,340,4630.0,5.037037037037037,68.5925925925926
91106,11950.0,1010,6690.0,8.451882845188283,55.98326359832636
91107,16540.0,1300,10750.0,7.8597339782345825,64.99395405078597
91108,6360.0,220,4750.0,3.459119496855346,74.68553459119497
91201,9660.0,1690,7250.0,17.494824016563147,75.05175983436853
91202,10370.0,1390,7480.0,13.404050144648021,72.1311475409836
91203,7540.0,1290,5260.0,17.108753315649867,69.76127320954907
91204,7160.0,1460,4990.0,20.391061452513966,69.6927374301676
91205,15170.0,3230,11050.0,21.292023731048122,72.84113381674358
91206,14870.0,2220,10770.0,14.929388029589777,72.42770679219905
91207,4760.0,450,3540.0,9.453781512605042,74.36974789915966
91208,7760.0,630,5610.0,8.118556701030927,72.29381443298969
91210,180.0,0,130.0,0.0,72.22222222222221
91214,14290.0,1170,9730.0,8.187543736878936,68.08957312806159
91301,12170.0,720,8300.0,5.916187345932621,68.20049301561217
91302,11860.0,660,9040.0,5.564924114671164,76.22259696458684
91303,13230.0,2380,9200.0,17.989417989417987,69.53892668178382
91304,23720.0,3540,16500.0,14.924114671163574,69.56155143338954
91306,22060.0,3580,15790.0,16.228467815049864,71.57751586582049
91307,11910.0,970,8150.0,8.144416456759027,68.42989084802686
91311,19420.0,2100,13450.0,10.813594232749743,69.2584963954686
91316,13690.0,1510,9860.0,11.029948867786706,72.02337472607742
91320,21180.0,1250,12690.0,5.901794145420207,59.915014164305944
91321,15540.0,1830,10730.0,11.776061776061777,69.04761904761905
91324,14340.0,2030,9810.0,14.156206415620643,68.41004184100419
91325,16540.0,2260,11080.0,13.663845223700122,66.98911729141476
91326,18350.0,1320,12850.0,7.193460490463215,70.02724795640327
91331,44100.0,9500,34540.0,21.541950113378686,78.3219954648526
91335,35060.0,6360,25360.0,18.14033086138049,72.33314318311466
91340,15440.0,3100,12110.0,20.077720207253886,78.43264248704664
91342,43820.0,7640,32770.0,17.434961204929255,74.78320401643084
91343,27040.0,4940,19940.0,18.269230769230766,73.74260355029585
91344,25190.0,3080,18120.0,12.22707423580786,71.93330686780467
91345,9320.0,1400,6950.0,15.021459227467812,74.57081545064378
91350,20080.0,1310,13250.0,6.5239043824701195,65.98605577689243
91351,16480.0,2080,11260.0,12.62135922330097,68.3252427184466
91352,20990.0,4220,16200.0,20.10481181515007,77.1796093377799
91354,15100.0,890,9630.0,5.894039735099338,63.77483443708609
91355,15410.0,1020,9710.0,6.619078520441272,63.011031797534066
91356,13950.0,1590,10260.0,11.397849462365592,73.54838709677419
91360,20370.0,1520,12420.0,7.461953853706431,60.972017673048605
91361,10220.0,460,7330.0,4.500978473581213,71.72211350293543
91362,17830.0,1100,11570.0,6.16937745372967,64.89063376332025
91364,13290.0,1120,9750.0,8.427389014296462,73.36343115124153
91367,22380.0,2210,15620.0,9.874888293118858,69.79445933869526
91377,6620.0,310,4250.0,4.682779456193353,64.19939577039275
91381,9960.0,670,6500.0,6.7269076305220885,65.26104417670683
91384,11110.0,980,7390.0,8.82088208820882,66.51665166516652
91387,21130.0,2490,13780.0,11.784193090392806,65.21533364884051
91390,8950.0,640,5920.0,7.150837988826815,66.14525139664804
91401,18130.0,3110,12950.0,17.153888582460013,71.42857142857143
91402,29550.0,6490,22720.0,21.962774957698816,76.88663282571912
91403,13360.0,1160,9040.0,8.682634730538922,67.66467065868264
91405,23050.0,5100,16880.0,22.125813449023862,73.23210412147505
91406,24350.0,4290,17320.0,17.618069815195074,71.129363449692
91411,10910.0,1860,7450.0,17.048579285059578,68.28597616865261
91423,16840.0,1420,11180.0,8.432304038004752,66.3895486935867
91436,9180.0,350,7720.0,3.812636165577342,84.0958605664488
91501,9710.0,1180,6640.0,12.1524201853759,68.38311019567456
91502,5380.0,860,3480.0,15.985130111524162,64.68401486988847
91504,12210.0,1400,8520.0,11.466011466011466,69.77886977886978
91505,16550.0,1390,10720.0,8.398791540785497,64.77341389728096
91506,9910.0,830,6550.0,8.375378405650856,66.09485368314833
91601,20720.0,2930,11940.0,14.14092664092664,57.625482625482626
91602,10680.0,930,6510.0,8.707865168539326,60.95505617977528
91604,15680.0,1170,10710.0,7.461734693877552,68.30357142857143
91605,24150.0,5220,18100.0,21.614906832298136,74.94824016563147
91606,19970.0,3850,14150.0,19.278918377566352,70.85628442663996
91607,14970.0,1770,9460.0,11.823647294589177,63.19305277221109
91701,18880.0,1970,12170.0,10.434322033898304,64.45974576271186
91702,27660.0,4620,19440.0,16.702819956616054,70.28199566160521
91706,34770.0,7140,25830.0,20.534943917169972,74.28817946505607
91708,7840.0,1110,5070.0,14.158163265306122,64.66836734693877
91709,37230.0,3760,23930.0,10.099382218640882,64.2761214074671
91710,37500.0,5340,25720.0,14.24,68.58666666666666
91711,16110.0,1240,10170.0,7.697082557417753,63.128491620111724
91722,17650.0,2630,12150.0,14.90084985835694,68.83852691218131
91723,9930.0,1450,6420.0,14.602215508559919,64.6525679758308
91724,13080.0,1620,8780.0,12.385321100917432,67.12538226299695
91730,32520.0,5160,19950.0,15.867158671586715,61.34686346863468
91731,12130.0,2820,9060.0,23.248145094806265,74.69084913437757
91732,26110.0,5860,19540.0,22.443508234392954,74.83722711604749
91733,18380.0,4190,14060.0,22.79651795429815,76.4961915125136
91737,11390.0,1150,7520.0,10.09657594381036,66.02282704126426
91739,17510.0,2020,11560.0,11.536264991433466,66.01941747572816
91740,12660.0,1550,8320.0,12.243285939968404,65.71879936808847
91741,12800.0,930,8520.0,7.265625000000001,66.5625
91744,38290.0,7460,28200.0,19.482893705928443,73.64847218594933
91745,26480.0,3440,18120.0,12.990936555891238,68.42900302114803
91746,13890.0,2670,10400.0,19.222462203023756,74.87401007919367
91748,22210.0,3550,15460.0,15.983791085096804,69.60828455650608
91750,16500.0,1390,10860.0,8.424242424242424,65.81818181818181
91752,17610.0,2890,12200.0,16.41113003975014,69.27881885292447
91754,17690.0,3080,11990.0,17.410966647823628,67.7784058790277
91755,14890.0,3310,10560.0,22.229684351914038,70.92008059100067
91761,31070.0,4770,21100.0,15.352429996781462,67.91116832957837
91762,30490.0,5490,20890.0,18.005903574942607,68.51426697277796
91763,17420.0,3350,12120.0,19.230769230769234,69.5752009184845
91764,25340.0,5090,16950.0,20.086819258089978,66.89029202841358
91765,22800.0,2390,14920.0,10.482456140350878,65.43859649122807
91766,31100.0,6280,22370.0,20.192926045016076,71.92926045016077
91767,22460.0,4350,15370.0,19.367764915405164,68.4327693677649
91768,13930.0,2920,9840.0,20.96195262024408,70.6389088298636
91770,29060.0,6440,21180.0,22.161046111493462,72.88368891947694
91773,16550.0,1570,10730.0,9.486404833836858,64.83383685800604
91775,11290.0,1170,7260.0,10.363153232949513,64.30469441984057
91776,18810.0,3970,13310.0,21.105794790005316,70.76023391812866
91780,17310.0,2440,11640.0,14.095898324667822,67.24436741767764
91784,13810.0,910,9370.0,6.589427950760318,67.84938450398262
91786,25300.0,4160,15970.0,16.442687747035574,63.12252964426877
91789,20820.0,2230,13670.0,10.710854947166187,65.65802113352545
91790,21810.0,3460,15070.0,15.86428243924805,69.09674461256304
91791,16270.0,2100,11280.0,12.907191149354642,69.3300553165335
91792,14230.0,2090,9570.0,14.687280393534785,67.25228390723824
91801,25830.0,4010,16540.0,15.524583817266743,64.03406891211769
91803,14790.0,2390,9870.0,16.15956727518594,66.73427991886409
91901,8040.0,660,4790.0,8.208955223880597,59.5771144278607
91902,8920.0,870,5770.0,9.753363228699552,64.68609865470853
91905,740.0,120,400.0,16.216216216216218,54.054054054054056
91906,1700.0,290,960.0,17.058823529411764,56.470588235294116
91910,40060.0,6640,24720.0,16.575137294058912,61.70743884173739
91911,43810.0,8820,28120.0,20.132389865327553,64.18625884501256
91913,26770.0,2850,15720.0,10.646245797534554,58.72245050429585
91914,7920.0,620,4980.0,7.828282828282829,62.878787878787875
91915,15990.0,1760,9370.0,11.006879299562227,58.59912445278299
91916,930.0,90,570.0,9.67741935483871,61.29032258064516
91917,570.0,160,400.0,28.07017543859649,70.17543859649122
91932,12320.0,2340,6950.0,18.993506493506494,56.41233766233766
91934,270.0,90,130.0,33.33333333333333,48.148148148148145
91935,4460.0,450,2790.0,10.089686098654708,62.5560538116592
91941,16160.0,1650,9150.0,10.21039603960396,56.62128712871287
91942,20700.0,2190,10330.0,10.579710144927535,49.90338164251208
91945,13450.0,2260,7430.0,16.802973977695167,55.24163568773234
91950,27950.0,5970,18090.0,21.359570661896242,64.7227191413238
91962,900.0,60,520.0,6.666666666666667,57.77777777777777
91963,720.0,220,490.0,30.555555555555557,68.05555555555556
91977,29030.0,4980,16670.0,17.15466758525663,57.42335514984499
91978,4930.0,730,2860.0,14.807302231237324,58.012170385395535
91980,1210.0,400,890.0,33.057851239669425,73.55371900826447
92003,2930.0,270,1880.0,9.215017064846416,64.16382252559727
92004,1420.0,240,900.0,16.901408450704224,63.38028169014085
92007,5760.0,310,3510.0,5.381944444444445,60.9375
92008,14210.0,900,8040.0,6.33356790992259,56.5798733286418
92009,21160.0,1000,12470.0,4.725897920604915,58.93194706994329
92010,9020.0,590,4950.0,6.541019955654102,54.87804878048781
92011,11850.0,590,6980.0,4.9789029535864975,58.90295358649789
92014,7280.0,240,4800.0,3.296703296703297,65.93406593406593
92019,20550.0,3160,13620.0,15.37712895377129,66.27737226277372
92020,25960.0,5220,15940.0,20.107858243451464,61.40215716486903
92021,31360.0,6100,18410.0,19.4515306122449,58.70535714285714
92024,24890.0,1390,15340.0,5.584572117316191,61.6311771795902
92025,22340.0,3510,13430.0,15.711727842435094,60.116383169203225
92026,25380.0,2750,14350.0,10.835303388494879,56.54058313632782
92027,26100.0,3640,15460.0,13.946360153256704,59.23371647509579
92028,24510.0,3010,15460.0,12.280701754385964,63.07629538963688
92029,10420.0,770,5690.0,7.389635316698656,54.606525911708246
92036,1700.0,240,940.0,14.117647058823529,55.294117647058826
92037,19110.0,690,12170.0,3.610675039246468,63.68393511250654
92040,20820.0,2530,11190.0,12.151777137367915,53.7463976945245
92054,18970.0,2240,10590.0,11.808118081180812,55.82498682129678
92056,27440.0,2400,15030.0,8.746355685131196,54.7740524781341
92057,28340.0,2950,16060.0,10.409315455187015,56.669019054340154
92058,16640.0,2910,8190.0,17.487980769230766,49.21875
92059,870.0,90,710.0,10.344827586206897,81.60919540229885
92061,1440.0,200,1010.0,13.88888888888889,70.13888888888889
92064,22610.0,1430,12050.0,6.324635117204777,53.29500221141088
92065,17690.0,1790,10080.0,10.118711136235161,56.98134539287734
92066,150.0,0,80.0,0.0,53.333333333333336
92069,22970.0,2680,12970.0,11.667392250761862,56.46495428820201
92070,560.0,100,350.0,17.857142857142858,62.5
92071,27240.0,2500,13590.0,9.177679882525698,49.88986784140969
92075,6570.0,260,4280.0,3.95738203957382,65.14459665144597
92078,22800.0,1740,12670.0,7.631578947368421,55.57017543859649
92081,14250.0,1240,7550.0,8.701754385964913,52.98245614035088
92082,10620.0,1220,6580.0,11.487758945386064,61.95856873822976
92083,18260.0,2880,11230.0,15.772179627601316,61.500547645125955
92084,23740.0,3200,14620.0,13.479359730412805,61.5838247683235
92086,610.0,80,380.0,13.114754098360656,62.295081967213115
92091,800.0,30,590.0,3.75,73.75
92101,24790.0,1940,11140.0,7.825736183945139,44.93747478822105
92102,19940.0,3680,11080.0,18.455366098294885,55.566700100300906
92103,19960.0,1090,9630.0,5.460921843687375,48.24649298597195
92104,24520.0,2260,10670.0,9.216965742251224,43.515497553017944
92105,30170.0,7390,18520.0,24.494530991050713,61.3854822671528
92106,9490.0,590,5620.0,6.217070600632244,59.22023182297155
92107,14560.0,1030,7270.0,7.074175824175824,49.93131868131868
92108,15110.0,1310,6590.0,8.669755129053607,43.613500992720056
92109,24480.0,1330,11370.0,5.433006535947713,46.44607843137255
92110,13350.0,1230,6720.0,9.213483146067416,50.337078651685395
92111,22410.0,2770,12100.0,12.360553324408746,53.99375278893351
92113,22390.0,6160,14240.0,27.51228226887003,63.599821348816434
92114,32350.0,5760,19360.0,17.805255023183925,59.84544049459042
92115,25940.0,4310,13250.0,16.61526599845798,51.07941403238242
92116,18110.0,1340,7840.0,7.399226946438432,43.29099944781888
92117,26850.0,2200,14010.0,8.193668528864059,52.178770949720665
92118,7830.0,430,4880.0,5.491698595146871,62.324393358876115
92119,11870.0,810,6530.0,6.823925863521482,55.01263689974726
92120,15400.0,1070,8190.0,6.948051948051948,53.18181818181819
92121,2400.0,130,1140.0,5.416666666666667,47.5
92122,20290.0,1040,9220.0,5.125677673730902,45.44110399211434
92123,15280.0,1520,6930.0,9.947643979057592,45.35340314136126
92124,13090.0,1410,6030.0,10.771581359816654,46.06569900687548
92126,37900.0,3350,19330.0,8.839050131926122,51.002638522427446
92127,20990.0,1040,10690.0,4.954740352548833,50.92901381610291
92128,24500.0,1130,12330.0,4.612244897959183,50.3265306122449
92129,24990.0,1480,11820.0,5.922368947579031,47.29891956782713
92130,27690.0,1210,14850.0,4.369808595160707,53.62946912242686
92131,17530.0,700,9100.0,3.993154592127781,51.91100969766115
92139,17460.0,2650,10430.0,15.177548682703321,59.73654066437572
92154,47170.0,9140,30330.0,19.376722493110027,64.29934280262879
92173,27030.0,7800,19180.0,28.85682574916759,70.95819459859416
92201,27040.0,6830,18580.0,25.25887573964497,68.71301775147928
92203,14430.0,1700,9460.0,11.781011781011781,65.55786555786555
92210,1990.0,60,1600.0,3.015075376884422,80.40201005025126
92211,13280.0,1040,8940.0,7.83132530120482,67.31927710843374
92220,15810.0,2870,9940.0,18.153067678684376,62.871600253004424
92223,28810.0,3780,17920.0,13.120444290177021,62.20062478306144
92225,5800.0,1700,4310.0,29.310344827586203,74.3103448275862
92227,11650.0,3620,7270.0,31.072961373390555,62.40343347639485
92230,1070.0,340,690.0,31.775700934579437,64.48598130841121
92231,21560.0,8300,15770.0,38.49721706864564,73.14471243042672
92233,1610.0,510,1090.0,31.67701863354037,67.70186335403726
92234,23820.0,4430,16260.0,18.597816960537365,68.26196473551637
92236,19660.0,6340,14010.0,32.24821973550356,71.26144455747712
92240,17230.0,4920,10460.0,28.554846198491003,60.708067324434126
92241,3340.0,740,2100.0,22.15568862275449,62.874251497005986
92242,310.0,70,190.0,22.58064516129032,61.29032258064516
92243,21790.0,6730,14500.0,30.88572739788894,66.54428636989445
92249,3170.0,960,2210.0,30.28391167192429,69.71608832807571
92250,3550.0,940,2410.0,26.478873239436616,67.88732394366197
92251,10570.0,1940,6840.0,18.353831598864712,64.71144749290445
92252,2910.0,600,1460.0,20.618556701030926,50.171821305841924
92253,17040.0,1950,11320.0,11.443661971830986,66.43192488262912
92254,6600.0,2550,4590.0,38.63636363636363,69.54545454545455
92256,1460.0,280,790.0,19.17808219178082,54.109589041095894
92257,440.0,140,280.0,31.818181818181817,63.63636363636363
92260,14390.0,1630,9760.0,11.3273106323836,67.82487838776929
92262,12310.0,1590,7830.0,12.916328188464663,63.6068237205524
92264,9610.0,780,6130.0,8.116545265348595,63.78772112382934
92270,9160.0,500,6780.0,5.458515283842795,74.0174672489083
92274,8260.0,2840,5700.0,34.38256658595641,69.00726392251816
92276,3700.0,760,2540.0,20.54054054054054,68.64864864864865
92277,8230.0,1970,3180.0,23.93681652490887,38.639125151883356
92282,490.0,130,290.0,26.53061224489796,59.183673469387756
92283,940.0,420,570.0,44.680851063829785,60.63829787234043
92284,9600.0,1810,4830.0,18.854166666666668,50.31250000000001
92285,730.0,190,390.0,26.027397260273972,53.42465753424658
92301,14450.0,4920,8910.0,34.048442906574394,61.66089965397924
92305,260.0,20,170.0,7.6923076923076925,65.38461538461539
92307,17680.0,3840,10540.0,21.71945701357466,59.61538461538461
92308,17830.0,3720,10740.0,20.86371284352215,60.235558048233315
92309,250.0,40,170.0,16.0,68.0
92310,2440.0,470,900.0,19.262295081967213,36.885245901639344
92311,12820.0,3910,7340.0,30.49921996879875,57.25429017160687
92313,6120.0,890,3660.0,14.54248366013072,59.80392156862745
92314,3600.0,540,2190.0,15.0,60.83333333333333
92315,2990.0,470,1930.0,15.719063545150503,64.54849498327759
92316,14620.0,3390,10660.0,23.187414500683996,72.91381668946649
92320,5470.0,580,3400.0,10.603290676416819,62.15722120658135
92324,26860.0,6220,17690.0,23.15711094564408,65.86001489203277
92327,180.0,50,90.0,27.77777777777778,50.0
92328,170.0,0,50.0,0.0,29.411764705882355
92335,42830.0,10110,31450.0,23.604949801540975,73.42983889796871
92336,49980.0,7500,33510.0,15.006002400960384,67.046818727491
92337,17280.0,2840,12190.0,16.435185185185187,70.54398148148148
92339,520.0,60,310.0,11.538461538461538,59.61538461538461
92342,2870.0,430,1680.0,14.982578397212542,58.536585365853654
92344,9920.0,1970,6480.0,19.858870967741936,65.32258064516128
92345,36170.0,9460,23120.0,26.15427149571468,63.920376002211775
92346,26800.0,4870,17170.0,18.171641791044777,64.06716417910448
92347,230.0,70,160.0,30.434782608695656,69.56521739130434
92354,10530.0,1550,6290.0,14.719848053181387,59.7340930674264
92356,2140.0,660,1240.0,30.8411214953271,57.943925233644855
92358,370.0,40,240.0,10.81081081081081,64.86486486486487
92359,4120.0,670,2350.0,16.2621359223301,57.03883495145631
92363,1770.0,490,1100.0,27.683615819209038,62.14689265536724
92365,670.0,170,400.0,25.37313432835821,59.70149253731343
92368,330.0,100,220.0,30.303030303030305,66.66666666666666
92371,4840.0,1090,2950.0,22.520661157024794,60.9504132231405
92372,2320.0,410,1470.0,17.67241379310345,63.36206896551724
92373,16180.0,1610,9370.0,9.950556242274413,57.91100123609394
92374,19590.0,2920,11590.0,14.905564063297602,59.1628381827463
92376,38820.0,9170,27110.0,23.621844410097886,69.83513652756311
92377,10730.0,1760,7000.0,16.402609506057782,65.23765144454799
92392,27200.0,7320,16750.0,26.91176470588235,61.58088235294118
92394,15130.0,4540,9070.0,30.006609385327167,59.94712491738269
92395,18420.0,5250,11340.0,28.501628664495115,61.563517915309454
92397,2470.0,240,1500.0,9.7165991902834,60.72874493927125
92399,24700.0,3310,15290.0,13.400809716599191,61.902834008097166
92401,710.0,310,450.0,43.66197183098591,63.38028169014085
92404,26600.0,7490,17450.0,28.157894736842103,65.6015037593985
92405,13250.0,3700,8760.0,27.92452830188679,66.11320754716982
92407,29030.0,6140,18580.0,21.15053393041681,64.00275576989321
92408,5710.0,1570,3810.0,27.495621716287218,66.72504378283712
92410,20720.0,6720,14490.0,32.432432432432435,69.93243243243244
92411,11680.0,3620,8210.0,30.993150684931507,70.29109589041096
92501,9440.0,1850,5730.0,19.597457627118644,60.69915254237288
92503,41220.0,6970,28410.0,16.90926734594857,68.92285298398836
92504,24830.0,4190,16150.0,16.874748288360855,65.04228755537656
92505,22600.0,4140,15060.0,18.318584070796458,66.63716814159292
92506,21300.0,2270,13290.0,10.657276995305164,62.394366197183096
92507,25150.0,4820,14560.0,19.16500994035785,57.89264413518887
92508,15850.0,1750,9730.0,11.041009463722396,61.38801261829653
92509,35740.0,6780,24980.0,18.97034135422496,69.89367655288193
92518,610.0,40,370.0,6.557377049180328,60.65573770491803
92530,26260.0,5330,16500.0,20.2970297029703,62.83320639756283
92532,11840.0,1690,7140.0,14.27364864864865,60.304054054054056
92536,1460.0,180,860.0,12.32876712328767,58.9041095890411
92539,1620.0,380,890.0,23.456790123456788,54.93827160493827
92543,15470.0,4500,9190.0,29.08855850032321,59.40530058177117
92544,20510.0,4820,12290.0,23.500731350560702,59.921989273525114
92545,18880.0,3450,11030.0,18.273305084745765,58.42161016949152
92548,3070.0,770,2010.0,25.0814332247557,65.47231270358306
92551,14860.0,3510,9800.0,23.620457604306864,65.94885598923284
92553,32740.0,8380,21670.0,25.595601710445937,66.18814905314599
92555,19900.0,3490,12570.0,17.537688442211056,63.165829145728644
92557,24570.0,4910,15500.0,19.983719983719983,63.085063085063084
92561,740.0,100,430.0,13.513513513513514,58.108108108108105
92562,28800.0,3110,16740.0,10.79861111111111,58.12500000000001
92563,32130.0,3790,17850.0,11.795829442888268,55.55555555555556
92567,4450.0,880,3070.0,19.775280898876403,68.98876404494382
92570,24670.0,6300,17180.0,25.537089582488854,69.63923794081882
92571,25630.0,6140,17300.0,23.956301209520095,67.49902458056964
92582,9530.0,2040,6040.0,21.406086044071355,63.378803777544604
92583,13700.0,3650,8630.0,26.642335766423358,62.99270072992701
92584,28100.0,3360,16280.0,11.957295373665481,57.93594306049822
92585,12810.0,1900,7690.0,14.83216237314598,60.031225604996095
92586,10540.0,1280,6330.0,12.144212523719165,60.05692599620494
92587,8100.0,1080,5270.0,13.333333333333334,65.06172839506172
92590,2130.0,340,1340.0,15.96244131455399,62.91079812206573
92591,19280.0,2190,10900.0,11.358921161825727,56.53526970954357
92592,34840.0,3090,19800.0,8.869115958668198,56.831228473019515
92595,15950.0,2320,9470.0,14.545454545454545,59.373040752351095
92596,15760.0,1750,8890.0,11.104060913705585,56.40862944162437
92602,14060.0,1060,8420.0,7.539118065433854,59.88620199146515
92603,9080.0,470,5750.0,5.176211453744493,63.32599118942731
92604,12910.0,1000,7450.0,7.745933384972889,57.70720371804803
92606,10400.0,1020,5570.0,9.807692307692308,53.55769230769231
92610,6370.0,330,3490.0,5.180533751962323,54.78806907378336
92612,13780.0,1190,7510.0,8.635703918722786,54.49927431059507
92614,13960.0,1230,7610.0,8.810888252148997,54.512893982808016
92617,4030.0,250,1320.0,6.20347394540943,32.754342431761785
92618,28840.0,2230,16650.0,7.732316227461858,57.73231622746186
92620,26520.0,2190,15070.0,8.257918552036198,56.82503770739065
92624,3550.0,310,2360.0,8.732394366197182,66.47887323943662
92625,6160.0,200,4820.0,3.2467532467532463,78.24675324675324
92626,24940.0,2270,15100.0,9.101844426623899,60.54530874097834
92627,29200.0,3140,19480.0,10.753424657534246,66.71232876712328
92629,13790.0,830,9220.0,6.018854242204496,66.8600435097897
92630,33200.0,2660,20060.0,8.012048192771084,60.42168674698796
92637,10350.0,250,6310.0,2.4154589371980677,60.96618357487923
92646,28340.0,1800,17750.0,6.351446718419195,62.632321806633726
92647,28660.0,3300,17740.0,11.51430565247732,61.89811584089323
92648,23340.0,1730,14450.0,7.412167952013711,61.910882604970006
92649,17560.0,1110,11110.0,6.32118451025057,63.268792710706144
92651,11910.0,590,8550.0,4.953820319059614,71.78841309823679
92653,14510.0,1070,9290.0,7.374224672639559,64.02481047553411
92655,3940.0,970,2920.0,24.61928934010152,74.11167512690355
92656,25340.0,1710,14650.0,6.748224151539069,57.813733228097874
92657,4910.0,170,3780.0,3.462321792260693,76.9857433808554
92660,17760.0,850,12790.0,4.786036036036036,72.01576576576578
92661,1520.0,80,1030.0,5.263157894736842,67.76315789473685
92662,1310.0,50,1000.0,3.816793893129771,76.33587786259542
92663,10060.0,550,6720.0,5.467196819085487,66.79920477137176
92672,18100.0,1600,11420.0,8.83977900552486,63.093922651933696
92673,13660.0,730,9180.0,5.34407027818448,67.20351390922401
92675,17110.0,1480,12130.0,8.649912331969608,70.89421390999415
92676,990.0,60,630.0,6.0606060606060606,63.63636363636363
92677,32220.0,1990,20500.0,6.1762880198634384,63.625077591558046
92679,14600.0,520,9210.0,3.5616438356164384,63.082191780821915
92683,44410.0,8630,31440.0,19.43256023418149,70.7948660211664
92688,21010.0,1160,11940.0,5.521180390290338,56.830080913850544
92691,23460.0,1610,13940.0,6.862745098039216,59.42028985507246
92692,23220.0,1240,14340.0,5.340223944875108,61.75710594315246
92694,15760.0,730,9810.0,4.631979695431472,62.24619289340102
92701,20190.0,3800,15950.0,18.82119861317484,78.99950470529966
92703,28570.0,6020,22690.0,21.071053552677636,79.41897094854743
92704,39020.0,6680,29760.0,17.119425935417734,76.26858021527421
92705,22850.0,2210,15760.0,9.671772428884026,68.97155361050328
92706,16080.0,2370,12060.0,14.738805970149254,75.0
92707,27120.0,4610,20940.0,16.99852507374631,77.21238938053098
92708,27830.0,2870,17830.0,10.312612288896874,64.06755300035933
92780,26900.0,3270,18030.0,12.156133828996282,67.02602230483271
92782,14060.0,910,8180.0,6.472261735419631,58.179231863442396
92801,28660.0,5210,20580.0,18.178646196789952,71.80739706908584
92802,19200.0,3440,13740.0,17.916666666666668,71.5625
92804,38870.0,6960,27370.0,17.905839979418577,70.41420118343196
92805,34950.0,5650,24460.0,16.165951359084406,69.98569384835479
92806,19000.0,2670,12870.0,14.05263157894737,67.73684210526316
92807,17990.0,1300,11790.0,7.226236798221233,65.53640911617565
92808,9740.0,510,6170.0,5.236139630390143,63.347022587268995
92821,19900.0,1640,12400.0,8.241206030150753,62.311557788944725
92823,2630.0,160,1690.0,6.083650190114068,64.25855513307985
92831,16190.0,1910,9820.0,11.79740580605312,60.654725138974676
92832,11840.0,1610,7490.0,13.597972972972974,63.26013513513513
92833,24120.0,2990,16490.0,12.396351575456054,68.36650082918739
92835,12090.0,710,7900.0,5.87262200165426,65.34325889164599
92840,26110.0,4630,18770.0,17.732669475296824,71.8881654538491
92841,16300.0,3230,11860.0,19.8159509202454,72.76073619631902
92843,20980.0,4390,16150.0,20.92469018112488,76.97807435653003
92844,11310.0,2540,8360.0,22.4580017683466,73.91688770999116
92845,8160.0,510,5140.0,6.25,62.99019607843137
92860,10940.0,1250,7520.0,11.425959780621572,68.73857404021938
92861,2830.0,110,2100.0,3.8869257950530036,74.20494699646643
92865,10030.0,1020,6600.0,10.16949152542373,65.80259222333001
92866,6830.0,680,4340.0,9.956076134699854,63.543191800878475
92867,19670.0,1810,13330.0,9.20183019827148,67.76817488561261
92868,11660.0,1440,7330.0,12.34991423670669,62.86449399656947
92869,17550.0,1490,11650.0,8.49002849002849,66.38176638176638
92870,25120.0,2430,16080.0,9.673566878980893,64.01273885350318
92879,21780.0,3530,14730.0,16.207529843893482,67.63085399449037
92880,25140.0,3020,16750.0,12.012728719172634,66.6268894192522
92881,14080.0,1480,9100.0,10.511363636363637,64.63068181818183
92882,31000.0,4180,20580.0,13.483870967741934,66.38709677419354
92883,17060.0,1630,11030.0,9.55451348182884,64.65416178194607
92886,23640.0,1320,15590.0,5.583756345177665,65.94754653130288
92887,9800.0,520,6310.0,5.3061224489795915,64.38775510204081
93001,15980.0,1850,9720.0,11.576971214017522,60.82603254067585
93003,24320.0,2250,14080.0,9.251644736842106,57.89473684210527
93004,14800.0,1420,8460.0,9.594594594594595,57.16216216216217
93010,21760.0,1840,12910.0,8.455882352941178,59.32904411764706
93012,17860.0,880,10610.0,4.927211646136618,59.40649496080626
93013,7630.0,640,4840.0,8.387942332896461,63.433813892529486
93015,8650.0,1300,6090.0,15.028901734104046,70.40462427745665
93021,17640.0,1480,11020.0,8.390022675736962,62.47165532879818
93022,2950.0,300,1810.0,10.16949152542373,61.35593220338983
93023,9300.0,890,6100.0,9.56989247311828,65.59139784946237
93030,25870.0,4350,18670.0,16.814843448009277,72.16853498260534
93033,35440.0,6610,27520.0,18.651241534988714,77.65237020316027
93035,13630.0,1420,8850.0,10.418195157740278,64.93030080704328
93036,21610.0,3070,14550.0,14.206385932438687,67.32993984266542
93041,9910.0,1570,6230.0,15.842583249243189,62.86579212916246
93060,15580.0,2520,11450.0,16.174582798459564,73.49165596919127
93063,27090.0,2290,17000.0,8.453303802141011,62.75378368401624
93065,36160.0,3170,22680.0,8.766592920353983,62.72123893805309
93066,1570.0,130,1150.0,8.280254777070063,73.24840764331209
93101,14950.0,1460,8310.0,9.765886287625419,55.585284280936456
93103,9230.0,890,5690.0,9.642470205850486,61.64680390032503
93105,12600.0,670,7720.0,5.317460317460317,61.26984126984127
93108,4550.0,160,3540.0,3.5164835164835164,77.80219780219781
93109,5160.0,270,2950.0,5.232558139534884,57.17054263565892
93110,7740.0,540,4730.0,6.976744186046512,61.111111111111114
93111,9200.0,530,5290.0,5.760869565217392,57.49999999999999
93117,18330.0,1400,9220.0,7.637752318603383,50.300054555373706
93202,1780.0,530,1070.0,29.775280898876407,60.1123595505618
93203,8830.0,3140,6650.0,35.56058890147225,75.3114382785957
93204,3660.0,1120,2860.0,30.601092896174865,78.14207650273224
93205,660.0,180,290.0,27.27272727272727,43.93939393939394
93206,840.0,240,630.0,28.57142857142857,75.0
93207,100.0,0,60.0,0.0,60.0
93210,5670.0,1280,3740.0,22.57495590828924,65.96119929453262
93212,5760.0,1670,3330.0,28.993055555555557,57.8125
93215,18950.0,5810,13440.0,30.659630606860162,70.92348284960423
93218,390.0,130,240.0,33.33333333333333,61.53846153846154
93219,3880.0,1410,2730.0,36.340206185567006,70.36082474226805
93221,6210.0,1230,3790.0,19.806763285024154,61.03059581320451
93223,4240.0,1430,3000.0,33.72641509433962,70.75471698113208
93224,120.0,20,80.0,16.666666666666664,66.66666666666666
93225,1940.0,310,1110.0,15.979381443298967,57.21649484536082
93230,28320.0,5680,15520.0,20.056497175141246,54.80225988700565
93235,1760.0,580,1210.0,32.95454545454545,68.75
93238,660.0,70,360.0,10.606060606060606,54.54545454545454
93239,510.0,150,360.0,29.411764705882355,70.58823529411765
93240,2010.0,450,990.0,22.388059701492537,49.25373134328358
93241,6390.0,1990,4370.0,31.142410015649453,68.38810641627543
93242,1230.0,240,860.0,19.51219512195122,69.91869918699187
93243,560.0,90,350.0,16.071428571428573,62.5
93244,200.0,40,130.0,20.0,65.0
93245,15230.0,2870,7940.0,18.844386080105053,52.13394615889692
93247,7120.0,2430,4850.0,34.12921348314607,68.1179775280899
93249,970.0,230,800.0,23.711340206185564,82.4742268041237
93250,6000.0,1970,4560.0,32.83333333333333,76.0
93252,460.0,100,260.0,21.73913043478261,56.52173913043478
93254,280.0,50,190.0,17.857142857142858,67.85714285714286
93255,190.0,40,80.0,21.052631578947366,42.10526315789473
93256,2030.0,680,1480.0,33.497536945812804,72.9064039408867
93257,29630.0,8810,19720.0,29.733378332770837,66.55416807289909
93263,9900.0,2430,6890.0,24.545454545454547,69.5959595959596
93265,1750.0,200,1090.0,11.428571428571429,62.28571428571429
93266,610.0,170,460.0,27.86885245901639,75.40983606557377
93267,2350.0,800,1700.0,34.04255319148936,72.3404255319149
93268,6100.0,1180,3610.0,19.34426229508197,59.18032786885246
93270,2540.0,900,1820.0,35.43307086614173,71.65354330708661
93271,960.0,70,540.0,7.291666666666667,56.25
93272,1300.0,300,990.0,23.076923076923077,76.15384615384615
93274,30890.0,7070,19680.0,22.887665911298154,63.70993849142117
93277,22170.0,4330,12330.0,19.53089760938205,55.61569688768606
93280,9680.0,2680,7010.0,27.685950413223143,72.41735537190083
93283,600.0,130,280.0,21.666666666666668,46.666666666666664
93285,830.0,160,460.0,19.27710843373494,55.42168674698795
93286,3910.0,1130,2590.0,28.9002557544757,66.24040920716112
93291,25380.0,5260,15800.0,20.724980299448383,62.25374310480694
93292,18610.0,3690,10900.0,19.82804943578721,58.57066093498119
93301,5240.0,1650,2760.0,31.48854961832061,52.67175572519084
93304,19600.0,6570,11990.0,33.52040816326531,61.1734693877551
93305,13250.0,4630,7690.0,34.943396226415096,58.0377358490566
93306,31020.0,7570,19480.0,24.40361057382334,62.79819471308833
93307,33980.0,11270,22830.0,33.166568569746914,67.18658034137728
93308,20970.0,5110,11370.0,24.36814496900334,54.220314735336196
93309,25270.0,5970,14730.0,23.62485160269094,58.29046299960427
93311,23310.0,3120,15120.0,13.384813384813384,64.86486486486487
93312,25030.0,2950,15280.0,11.785856971634038,61.04674390731123
93313,25460.0,5340,17040.0,20.974076983503533,66.92851531814611
93314,14970.0,1380,9840.0,9.218436873747494,65.7314629258517
93401,15080.0,1010,7390.0,6.697612732095491,49.0053050397878
93402,6820.0,550,3680.0,8.064516129032258,53.95894428152492
93405,7880.0,540,3570.0,6.852791878172589,45.30456852791878
93420,14130.0,1040,8120.0,7.360226468506724,57.46638358103326
93422,14720.0,1270,7390.0,8.627717391304348,50.203804347826086
93426,530.0,50,280.0,9.433962264150944,52.83018867924528
93427,3060.0,240,1740.0,7.8431372549019605,56.86274509803921
93428,3210.0,210,2060.0,6.5420560747663545,64.17445482866043
93430,1480.0,100,930.0,6.756756756756757,62.83783783783784
93432,680.0,50,420.0,7.352941176470589,61.76470588235294
93433,6010.0,660,3080.0,10.98169717138103,51.24792013311148
93434,3970.0,770,2560.0,19.395465994962215,64.48362720403023
93436,23680.0,3830,12580.0,16.173986486486484,53.125
93437,1180.0,180,250.0,15.254237288135593,21.1864406779661
93442,5480.0,430,3030.0,7.846715328467154,55.29197080291971
93444,11010.0,1150,6690.0,10.44504995458674,60.76294277929155
93445,2930.0,370,1530.0,12.627986348122866,52.218430034129696
93446,20200.0,2190,11240.0,10.841584158415841,55.64356435643565
93449,4060.0,220,2460.0,5.41871921182266,60.591133004926114
93450,250.0,40,200.0,16.0,80.0
93451,2020.0,280,1270.0,13.861386138613863,62.87128712871287
93452,260.0,0,160.0,0.0,61.53846153846154
93453,1270.0,110,680.0,8.661417322834646,53.54330708661418
93454,18110.0,2900,12190.0,16.01325234676974,67.3108779679735
93455,21290.0,2100,12120.0,9.863785814936591,56.92813527477689
93458,25100.0,4480,18430.0,17.848605577689245,73.42629482071713
93460,2750.0,220,1910.0,8.0,69.45454545454545
93461,660.0,90,450.0,13.636363636363635,68.18181818181817
93463,3770.0,240,2400.0,6.36604774535809,63.660477453580896
93465,5030.0,410,3020.0,8.151093439363818,60.039761431411534
93501,1890.0,650,1050.0,34.39153439153439,55.55555555555556
93505,4800.0,1370,2410.0,28.541666666666664,50.208333333333336
93510,3520.0,310,2490.0,8.806818181818182,70.73863636363636
93513,800.0,100,390.0,12.5,48.75
93514,6210.0,720,3220.0,11.594202898550725,51.85185185185185
93516,730.0,210,380.0,28.767123287671232,52.054794520547944
93517,330.0,30,170.0,9.090909090909092,51.515151515151516
93518,420.0,70,270.0,16.666666666666664,64.28571428571429
93523,1150.0,200,440.0,17.391304347826086,38.26086956521739
93526,310.0,30,140.0,9.67741935483871,45.16129032258064
93527,910.0,140,480.0,15.384615384615385,52.74725274725275
93531,270.0,20,170.0,7.4074074074074066,62.96296296296296
93532,1090.0,100,630.0,9.174311926605505,57.798165137614674
93534,16220.0,4770,9820.0,29.408138101109742,60.54254007398274
93535,32410.0,9850,20570.0,30.39185436593644,63.468065411909905
93536,31070.0,5070,19030.0,16.317991631799163,61.24879304795623
93543,5810.0,1540,4120.0,26.506024096385545,70.91222030981066
93544,440.0,70,290.0,15.909090909090908,65.9090909090909
93545,800.0,100,450.0,12.5,56.25
93546,4360.0,360,2190.0,8.256880733944955,50.22935779816514
93550,32500.0,9430,22200.0,29.015384615384615,68.3076923076923
93551,24830.0,3650,15930.0,14.699959726137738,64.15626258558196
93552,18260.0,4430,12480.0,24.260679079956187,68.3461117196057
93553,750.0,160,510.0,21.333333333333336,68.0
93555,14140.0,1980,6640.0,14.002828854314004,46.95898161244696
93560,9260.0,1940,5370.0,20.950323974082075,57.99136069114471
93561,13130.0,1490,7090.0,11.348057882711348,53.998476770754
93562,420.0,120,180.0,28.57142857142857,42.857142857142854
93591,2780.0,840,1880.0,30.215827338129497,67.62589928057554
93601,860.0,120,430.0,13.953488372093023,50.0
93602,1370.0,170,800.0,12.408759124087592,58.3941605839416
93604,300.0,40,190.0,13.333333333333334,63.33333333333333
93608,450.0,110,370.0,24.444444444444443,82.22222222222221
93609,2300.0,480,1590.0,20.869565217391305,69.1304347826087
93610,7070.0,1580,4510.0,22.34794908062235,63.7906647807638
93611,21470.0,2390,11500.0,11.131811830461109,53.5631113181183
93612,15260.0,3260,6790.0,21.363040629095675,44.4954128440367
93614,5040.0,540,2510.0,10.714285714285714,49.801587301587304
93615,2160.0,760,1630.0,35.18518518518518,75.46296296296296
93616,1020.0,320,630.0,31.372549019607842,61.76470588235294
93618,13090.0,3730,8400.0,28.49503437738732,64.1711229946524
93619,22630.0,1690,13580.0,7.467962881131242,60.00883782589484
93620,4030.0,980,2600.0,24.317617866004962,64.51612903225806
93621,210.0,50,110.0,23.809523809523807,52.38095238095239
93622,4280.0,1100,2940.0,25.70093457943925,68.69158878504673
93625,3850.0,750,2310.0,19.480519480519483,60.0
93626,1020.0,60,610.0,5.88235294117647,59.80392156862745
93628,110.0,0,40.0,0.0,36.36363636363637
93630,8530.0,2010,6030.0,23.563892145369287,70.69167643610785
93631,7490.0,1050,4550.0,14.018691588785046,60.747663551401864
93635,21430.0,4180,14430.0,19.505366308912738,67.33551096593561
93636,8320.0,830,4890.0,9.975961538461538,58.77403846153846
93637,17250.0,3670,11290.0,21.27536231884058,65.44927536231884
93638,19640.0,5170,14200.0,26.323828920570264,72.30142566191446
93640,6060.0,2400,5160.0,39.603960396039604,85.14851485148515
93641,120.0,0,60.0,0.0,50.0
93643,1280.0,220,660.0,17.1875,51.5625
93644,3620.0,510,1910.0,14.088397790055248,52.762430939226526
93645,140.0,20,90.0,14.285714285714285,64.28571428571429
93646,4070.0,1530,2730.0,37.59213759213759,67.07616707616708
93647,4280.0,1440,3180.0,33.64485981308411,74.29906542056075
93648,6240.0,2130,4150.0,34.13461538461539,66.50641025641025
93650,1670.0,470,820.0,28.143712574850298,49.101796407185624
93651,790.0,60,480.0,7.59493670886076,60.75949367088608
93652,270.0,70,190.0,25.925925925925924,70.37037037037037
93653,440.0,60,210.0,13.636363636363635,47.72727272727273
93654,13080.0,3250,8050.0,24.84709480122324,61.544342507645254
93656,2440.0,520,1730.0,21.311475409836063,70.90163934426229
93657,16020.0,3500,9260.0,21.84769038701623,57.802746566791505
93660,1670.0,580,1330.0,34.73053892215569,79.64071856287424
93662,13210.0,3330,8140.0,25.208175624526874,61.61998485995458
93664,260.0,0,190.0,0.0,73.07692307692307
93667,940.0,120,470.0,12.76595744680851,50.0
93668,420.0,90,330.0,21.428571428571427,78.57142857142857
93675,1390.0,260,720.0,18.705035971223023,51.798561151079134
93701,3750.0,1610,1950.0,42.93333333333334,52.0
93702,16600.0,6180,9240.0,37.2289156626506,55.662650602409634
93703,12780.0,4360,6450.0,34.11580594679186,50.46948356807511
93704,12560.0,2420,6320.0,19.26751592356688,50.318471337579616
93705,14880.0,4590,7220.0,30.846774193548388,48.52150537634409
93706,14030.0,4980,8080.0,35.49536707056308,57.59087669280114
93710,12910.0,2670,6070.0,20.681642137877613,47.01781564678544
93711,18110.0,1810,11000.0,9.99447818884594,60.739922694643845
93720,22170.0,2410,11960.0,10.870545782589085,53.9467749210645
93721,1420.0,370,650.0,26.056338028169012,45.774647887323944
93722,37330.0,8380,19930.0,22.44843289579427,53.388695419233855
93723,6240.0,1050,4100.0,16.826923076923077,65.7051282051282
93725,10520.0,3210,5910.0,30.513307984790877,56.1787072243346
93726,17510.0,5110,8000.0,29.18332381496288,45.68817818389492
93727,35370.0,8460,18010.0,23.918575063613233,50.9188577890868
93728,6670.0,1860,3210.0,27.886056971514243,48.125937031484256
93730,6440.0,380,4240.0,5.900621118012422,65.83850931677019
93901,12720.0,1840,7960.0,14.465408805031446,62.57861635220125
93905,27710.0,6070,21420.0,21.90544929628293,77.30061349693251
93906,27810.0,4590,19490.0,16.50485436893204,70.08270406328658
93907,10470.0,1310,6790.0,12.51193887297039,64.85195797516714
93908,6050.0,340,4040.0,5.619834710743802,66.77685950413223
93920,640.0,50,400.0,7.8125,62.5
93923,5310.0,180,3680.0,3.389830508474576,69.30320150659134
93924,3060.0,200,2020.0,6.535947712418301,66.01307189542483
93925,770.0,130,610.0,16.883116883116884,79.22077922077922
93926,4180.0,780,3220.0,18.660287081339714,77.03349282296651
93927,8310.0,1680,6740.0,20.216606498194945,81.10709987966305
93930,7000.0,1290,5470.0,18.428571428571427,78.14285714285715
93933,12640.0,1430,6720.0,11.313291139240507,53.16455696202531
93940,14330.0,870,7860.0,6.071179344033497,54.84996510816469
93950,7280.0,400,3980.0,5.4945054945054945,54.670329670329664
93953,2070.0,70,1470.0,3.3816425120772946,71.01449275362319
93955,14730.0,1760,9140.0,11.948404616429057,62.05023761031908
93960,8670.0,1680,6270.0,19.377162629757784,72.31833910034602
94002,13050.0,440,6760.0,3.3716475095785436,51.8007662835249
94005,2480.0,130,1370.0,5.241935483870968,55.24193548387096
94010,20550.0,700,13170.0,3.40632603406326,64.08759124087591
94014,23500.0,2060,14520.0,8.76595744680851,61.787234042553195
94015,30960.0,2370,17760.0,7.655038759689922,57.36434108527132
94019,7790.0,420,5000.0,5.391527599486521,64.18485237483954
94020,730.0,30,360.0,4.10958904109589,49.31506849315068
94022,9790.0,140,5870.0,1.4300306435137897,59.9591419816139
94024,11040.0,180,6280.0,1.6304347826086956,56.88405797101449
94025,19530.0,740,11210.0,3.789042498719918,57.39887352790578
94027,3050.0,40,2290.0,1.3114754098360655,75.08196721311475
94028,3360.0,40,2430.0,1.1904761904761905,72.32142857142857
94030,11560.0,640,6640.0,5.536332179930796,57.43944636678201
94038,1460.0,80,890.0,5.47945205479452,60.95890410958904
94040,17840.0,620,8350.0,3.4753363228699556,46.80493273542601
94041,7990.0,300,3720.0,3.754693366708386,46.55819774718398
94043,15600.0,610,6770.0,3.91025641025641,43.3974358974359
94044,18760.0,820,10020.0,4.371002132196162,53.41151385927505
94060,770.0,70,400.0,9.090909090909092,51.94805194805194
94061,17020.0,1000,9990.0,5.875440658049354,58.69565217391305
94062,12910.0,360,7960.0,2.78853601859024,61.6576297443842
94063,15940.0,1550,9870.0,9.72396486825596,61.91969887076537
94065,5990.0,130,2910.0,2.1702838063439067,48.580968280467445
94066,21910.0,1370,12760.0,6.252852578731173,58.23824737562757
94070,15380.0,380,8740.0,2.4707412223667102,56.827048114434334
94074,110.0,0,60.0,0.0,54.54545454545454
94080,33190.0,2210,19260.0,6.658632118107864,58.02952696595361
94085,12780.0,620,6250.0,4.851330203442879,48.90453834115806
94086,23880.0,1100,11550.0,4.606365159128979,48.366834170854275
94087,25830.0,910,11970.0,3.523035230352303,46.34146341463415
94089,11990.0,660,6150.0,5.5045871559633035,51.29274395329442
94102,14430.0,1520,6500.0,10.533610533610533,45.04504504504504
94103,17770.0,1540,7510.0,8.666291502532358,42.26223972988182
94104,800.0,40,570.0,5.0,71.25
94105,8050.0,330,3660.0,4.099378881987578,45.46583850931677
94107,17290.0,730,7510.0,4.2220936957779065,43.43551185656449
94108,6160.0,700,3010.0,11.363636363636363,48.86363636363637
94109,28540.0,1510,13050.0,5.290819901892081,45.725297827610376
94110,34310.0,2400,17660.0,6.995045176333431,51.471874089186834
94111,2940.0,200,1690.0,6.802721088435375,57.48299319727891
94112,40260.0,4620,24580.0,11.475409836065573,61.05315449577745
94114,18600.0,510,9280.0,2.741935483870968,49.89247311827957
94115,17910.0,960,8750.0,5.360134003350084,48.855388051367946
94116,21790.0,1360,11510.0,6.241395135383203,52.82239559430931
94117,20320.0,710,8650.0,3.4940944881889764,42.568897637795274
94118,19100.0,870,9680.0,4.554973821989529,50.680628272251305
94121,21020.0,1330,10720.0,6.327307326355852,50.999048525214086
94122,28670.0,1640,13610.0,5.72026508545518,47.47122427624695
94123,13960.0,190,6970.0,1.361031518624642,49.92836676217765
94124,17960.0,3460,10730.0,19.265033407572382,59.743875278396445
94127,10000.0,320,5870.0,3.2,58.699999999999996
94129,1700.0,70,780.0,4.117647058823529,45.88235294117647
94130,900.0,210,370.0,23.333333333333332,41.11111111111111
94131,14790.0,530,7780.0,3.583502366463827,52.60311020960108
94132,12160.0,1100,6340.0,9.046052631578947,52.13815789473685
94133,12740.0,1330,6390.0,10.43956043956044,50.15698587127159
94134,21030.0,3090,12760.0,14.693295292439373,60.67522586780789
94158,5110.0,380,2180.0,7.436399217221135,42.66144814090019
94301,8060.0,200,4590.0,2.481389578163772,56.94789081885856
94303,21060.0,1930,12540.0,9.164292497625832,59.54415954415955
94304,1940.0,40,970.0,2.0618556701030926,50.0
94305,3520.0,110,1110.0,3.125,31.53409090909091
94306,13250.0,440,6130.0,3.3207547169811322,46.264150943396224
94401,16720.0,1340,9970.0,8.014354066985646,59.62918660287081
94402,13370.0,440,7910.0,3.2909498878085266,59.16230366492147
94403,21690.0,1030,11940.0,4.748732134624251,55.04840940525588
94404,17540.0,540,8510.0,3.0786773090079818,48.517673888255416
94501,30900.0,2610,15410.0,8.446601941747572,49.8705501618123
94502,6830.0,220,3520.0,3.22108345534407,51.53733528550512
94503,10530.0,1000,6000.0,9.49667616334283,56.98005698005698
94505,7150.0,450,4070.0,6.293706293706294,56.92307692307692
94506,11110.0,230,6570.0,2.07020702070207,59.135913591359135
94507,7390.0,160,5060.0,2.165087956698241,68.47090663058187
94508,1180.0,70,630.0,5.932203389830509,53.38983050847458
94509,30170.0,4950,17310.0,16.407026847862113,57.37487570434207
94510,13650.0,770,7080.0,5.641025641025641,51.868131868131876
94513,31300.0,2300,18030.0,7.348242811501597,57.6038338658147
94514,530.0,50,350.0,9.433962264150944,66.0377358490566
94515,3260.0,240,1990.0,7.361963190184049,61.04294478527608
94517,6290.0,210,3610.0,3.338632750397456,57.39268680445151
94518,12990.0,1030,6970.0,7.929176289453426,53.656658968437256
94519,8990.0,750,4850.0,8.342602892102335,53.9488320355951
94520,16760.0,2170,10230.0,12.947494033412887,61.038186157517906
94521,20440.0,1420,11020.0,6.947162426614481,53.91389432485323
94523,16940.0,950,8690.0,5.6080283353010625,51.298701298701296
94525,1650.0,130,850.0,7.878787878787878,51.515151515151516
94526,16030.0,370,9440.0,2.30817217716781,58.889582033686835
94530,13240.0,930,6660.0,7.02416918429003,50.30211480362537
94531,22890.0,2970,12640.0,12.975098296199214,55.22062035823504
94533,35340.0,4910,19290.0,13.893604980192418,54.58404074702886
94534,20090.0,1330,10910.0,6.620209059233449,54.30562468889995
94535,1790.0,370,470.0,20.670391061452513,26.256983240223462
94536,31940.0,1850,17250.0,5.792110206637445,54.00751408891672
94538,31450.0,2350,17150.0,7.472178060413355,54.531001589825124
94539,25000.0,810,11480.0,3.2399999999999998,45.92
94541,30710.0,3540,19100.0,11.527189840442853,62.19472484532725
94542,6740.0,460,3850.0,6.824925816023739,57.12166172106825
94544,36480.0,4150,23630.0,11.37609649122807,64.77521929824562
94545,16190.0,1480,10010.0,9.141445336627548,61.828289067325514
94546,22090.0,1740,12320.0,7.876867360796741,55.771842462652785
94547,12950.0,950,7040.0,7.335907335907336,54.36293436293437
94549,13470.0,330,8280.0,2.4498886414253898,61.46993318485523
94550,23340.0,1020,12370.0,4.370179948586118,52.99914310197087
94551,19940.0,1140,10680.0,5.717151454363089,53.56068204613842
94552,7040.0,270,3680.0,3.835227272727273,52.27272727272727
94553,24050.0,1650,12560.0,6.860706860706861,52.224532224532226
94555,15720.0,730,7730.0,4.643765903307888,49.17302798982188
94556,7150.0,200,3970.0,2.797202797202797,55.52447552447553
94558,31840.0,2290,19560.0,7.192211055276382,61.4321608040201
94559,13280.0,1090,7960.0,8.207831325301203,59.93975903614458
94560,23860.0,1540,13480.0,6.454316848281643,56.49622799664711
94561,21140.0,2130,11950.0,10.075685903500473,56.527909176915806
94563,9090.0,170,5680.0,1.87018701870187,62.48624862486248
94564,9640.0,840,5430.0,8.71369294605809,56.32780082987552
94565,44700.0,6840,27370.0,15.302013422818792,61.230425055928414
94566,20620.0,680,10740.0,3.2977691561590685,52.08535402521824
94567,310.0,20,190.0,6.451612903225806,61.29032258064516
94568,29790.0,1300,14630.0,4.36388049681101,49.110439744880836
94571,5740.0,360,2970.0,6.2717770034843205,51.742160278745644
94572,4350.0,530,2460.0,12.183908045977011,56.55172413793104
94574,3640.0,170,2390.0,4.670329670329671,65.65934065934066
94577,23710.0,2700,13780.0,11.387600168705188,58.11893715731758
94578,18650.0,2800,10920.0,15.013404825737265,58.552278820375335
94579,11190.0,1340,6650.0,11.974977658623772,59.42806076854335
94580,14600.0,1460,8840.0,10.0,60.54794520547945
94582,19960.0,730,9520.0,3.6573146292585172,47.69539078156313
94583,20110.0,680,11310.0,3.3814022874191947,56.24067628045748
94585,14060.0,1750,7120.0,12.446657183499289,50.640113798008535
94586,510.0,0,320.0,0.0,62.745098039215684
94587,33580.0,2560,19170.0,7.623585467540203,57.08755211435378
94588,15840.0,570,8150.0,3.5984848484848486,51.4520202020202
94589,14470.0,2110,8250.0,14.581893572909468,57.01451278507257
94590,16770.0,2810,8730.0,16.756112104949313,52.05724508050089
94591,27070.0,2850,14380.0,10.528260066494274,53.12153675655708
94592,430.0,30,210.0,6.976744186046512,48.837209302325576
94595,9960.0,180,5950.0,1.8072289156626504,59.738955823293175
94596,11530.0,610,5870.0,5.2905464006938425,50.910667823070256
94597,11640.0,630,5680.0,5.412371134020619,48.797250859106526
94598,13360.0,380,7230.0,2.844311377245509,54.11676646706587
94599,1250.0,50,780.0,4.0,62.4
94601,21680.0,4440,13310.0,20.479704797047972,61.392988929889306
94602,13900.0,1150,7310.0,8.273381294964029,52.58992805755396
94603,15390.0,3110,10300.0,20.207927225471085,66.92657569850552
94605,19730.0,2770,10940.0,14.03953370501774,55.44855549923974
94606,16910.0,3150,8700.0,18.628030751034892,51.4488468361916
94607,12990.0,2160,5770.0,16.628175519630485,44.41878367975365
94608,15590.0,1580,6560.0,10.13470173187941,42.07825529185375
94609,11420.0,1220,4800.0,10.683012259194395,42.03152364273205
94610,16230.0,870,7530.0,5.360443622920517,46.39556377079482
94611,20320.0,780,10890.0,3.8385826771653546,53.59251968503938
94612,9700.0,970,3620.0,10.0,37.31958762886598
94618,8390.0,240,4510.0,2.860548271752086,53.75446960667462
94619,11580.0,1070,6300.0,9.24006908462867,54.40414507772021
94621,13500.0,3290,8820.0,24.37037037037037,65.33333333333333
94702,8300.0,620,3840.0,7.46987951807229,46.265060240963855
94703,9380.0,750,4070.0,7.995735607675907,43.39019189765458
94704,5390.0,420,1740.0,7.792207792207792,32.28200371057514
94705,6880.0,290,3590.0,4.215116279069767,52.18023255813954
94706,8980.0,590,4160.0,6.570155902004454,46.32516703786192
94707,6730.0,170,4040.0,2.526002971768202,60.0297176820208
94708,5730.0,150,3360.0,2.6178010471204187,58.63874345549738
94709,4490.0,240,1660.0,5.3452115812917596,36.97104677060133
94710,3930.0,370,1920.0,9.414758269720101,48.854961832061065
94801,13900.0,2450,9360.0,17.62589928057554,67.33812949640287
94803,12610.0,1250,7260.0,9.912767644726408,57.57335448057097
94804,20290.0,3150,12150.0,15.524889107934944,59.8817151306062
94805,7150.0,740,4160.0,10.34965034965035,58.18181818181818
94806,28410.0,4070,17890.0,14.325941569869762,62.97078493488208
94901,19350.0,1490,13190.0,7.700258397932816,68.16537467700259
94903,14620.0,720,9250.0,4.924760601915184,63.26949384404925
94904,6040.0,210,4230.0,3.47682119205298,70.03311258278146
94920,6010.0,120,4410.0,1.9966722129783694,73.37770382695507
94922,190.0,0,110.0,0.0,57.89473684210527
94923,710.0,50,490.0,7.042253521126761,69.01408450704226
94924,590.0,70,380.0,11.864406779661017,64.40677966101694
94925,4730.0,150,3110.0,3.171247357293869,65.75052854122622
94928,22560.0,1810,11140.0,8.02304964539007,49.37943262411347
94930,4230.0,250,2510.0,5.91016548463357,59.33806146572104
94931,4780.0,370,2450.0,7.740585774058577,51.25523012552301
94937,540.0,40,340.0,7.4074074074074066,62.96296296296296
94939,3570.0,120,2350.0,3.361344537815126,65.82633053221288
94941,14780.0,470,10010.0,3.1799729364005414,67.72665764546684
94945,8790.0,450,5440.0,5.1194539249146755,61.88850967007964
94946,310.0,0,220.0,0.0,70.96774193548387
94947,12020.0,740,7210.0,6.156405990016639,59.98336106489185
94949,8700.0,560,5490.0,6.436781609195402,63.10344827586207
94951,2200.0,160,1360.0,7.2727272727272725,61.81818181818181
94952,16090.0,980,9330.0,6.090739589807334,57.98632691112492
94954,18680.0,1060,10220.0,5.674518201284797,54.71092077087795
94956,750.0,60,500.0,8.0,66.66666666666666
94960,7170.0,270,4660.0,3.765690376569038,64.99302649930266
94965,5780.0,380,3620.0,6.5743944636678195,62.629757785467135
95003,11580.0,620,6570.0,5.354058721934369,56.73575129533679
95004,1930.0,180,1240.0,9.32642487046632,64.24870466321244
95005,2980.0,200,1510.0,6.7114093959731544,50.671140939597315
95006,4000.0,280,1900.0,7.000000000000001,47.5
95008,22960.0,1180,11710.0,5.139372822299651,51.00174216027874
95010,5030.0,340,2830.0,6.759443339960239,56.2624254473161
95012,5280.0,950,3990.0,17.992424242424242,75.56818181818183
95014,27000.0,710,11740.0,2.6296296296296298,43.48148148148148
95017,320.0,30,200.0,9.375,62.5
95018,3840.0,260,1870.0,6.770833333333333,48.69791666666667
95019,3690.0,710,2810.0,19.241192411924118,76.15176151761518
95020,29780.0,2920,19030.0,9.805238415043654,63.901947615849565
95023,27320.0,3070,18530.0,11.23718887262079,67.82576866764275
95030,6340.0,110,4030.0,1.7350157728706623,63.56466876971609
95032,13080.0,380,7420.0,2.90519877675841,56.727828746177366
95033,4120.0,150,2130.0,3.640776699029126,51.69902912621359
95035,38430.0,2280,21180.0,5.932864949258392,55.113192818110846
95037,24480.0,1540,14420.0,6.290849673202614,58.90522875816993
95039,740.0,90,520.0,12.162162162162163,70.27027027027027
95043,250.0,0,150.0,0.0,60.0
95045,2180.0,210,1360.0,9.63302752293578,62.38532110091744
95046,3250.0,340,2120.0,10.461538461538462,65.23076923076923
95050,17990.0,1120,9430.0,6.22568093385214,52.41801000555865
95051,29820.0,1400,14670.0,4.694835680751173,49.19517102615694
95054,13000.0,520,6400.0,4.0,49.23076923076923
95060,19800.0,1460,9830.0,7.373737373737374,49.64646464646464
95062,17460.0,1380,9340.0,7.903780068728522,53.493699885452465
95064,540.0,50,170.0,9.25925925925926,31.48148148148148
95065,3960.0,250,2250.0,6.313131313131313,56.81818181818182
95066,7230.0,340,3790.0,4.702627939142462,52.42047026279392
95070,15940.0,290,8380.0,1.819322459222083,52.57214554579674
95073,5520.0,370,3090.0,6.702898550724639,55.97826086956522
95075,340.0,0,240.0,0.0,70.58823529411765
95076,36480.0,6050,26350.0,16.584429824561404,72.23135964912281
95110,9360.0,820,5410.0,8.76068376068376,57.799145299145295
95111,27970.0,3820,19670.0,13.657490168037183,70.32534858777262
95112,25910.0,3270,14900.0,12.6206098031648,57.50675414897722
95113,1490.0,80,630.0,5.369127516778524,42.281879194630875
95116,22600.0,2970,16380.0,13.14159292035398,72.4778761061947
95117,13460.0,1270,7650.0,9.435364041604755,56.835066864784544
95118,14870.0,880,8110.0,5.917955615332885,54.53934095494284
95119,5290.0,290,2710.0,5.482041587901701,51.22873345935728
95120,17650.0,370,8900.0,2.096317280453258,50.42492917847026
95121,18510.0,2070,12530.0,11.183144246353322,67.69313884386818
95122,25680.0,3530,19020.0,13.746105919003115,74.06542056074767
95123,32330.0,2290,17550.0,7.083204454067429,54.283946798639036
95124,22320.0,970,11550.0,4.345878136200717,51.747311827956985
95125,25410.0,1310,14620.0,5.155450609996064,57.536402990948446
95126,18100.0,1340,9420.0,7.403314917127071,52.04419889502763
95127,29580.0,3070,20270.0,10.378634212305613,68.52603110209601
95128,16610.0,1180,9360.0,7.104154124021673,56.351595424443104
95129,18110.0,810,7720.0,4.47266703478741,42.62838210933186
95130,6240.0,340,3110.0,5.448717948717949,49.83974358974359
95131,15110.0,1000,7840.0,6.618133686300463,51.88616810059563
95132,19760.0,1390,11090.0,7.034412955465587,56.12348178137652
95133,14170.0,1320,8440.0,9.31545518701482,59.56245589273112
95134,14560.0,520,7070.0,3.571428571428571,48.55769230769231
95135,10000.0,330,5230.0,3.3000000000000003,52.300000000000004
95136,21820.0,1710,12360.0,7.836846929422549,56.64527956003666
95138,9080.0,510,5240.0,5.616740088105727,57.70925110132159
95139,3150.0,170,1640.0,5.396825396825397,52.06349206349207
95140,200.0,0,120.0,0.0,60.0
95148,22490.0,1980,13880.0,8.803912850155625,61.71631836371721
95202,2000.0,740,1040.0,37.0,52.0
95203,6490.0,1610,3690.0,24.80739599383667,56.85670261941448
95204,13440.0,2530,7080.0,18.824404761904763,52.67857142857143
95205,16190.0,4570,10520.0,28.227300802964795,64.97838171710933
95206,29800.0,6960,18710.0,23.355704697986575,62.785234899328856
95207,21210.0,4590,11270.0,21.64073550212164,53.135313531353134
95209,20030.0,3290,10980.0,16.425361957064403,54.81777333999002
95210,16620.0,4440,9010.0,26.714801444043324,54.21179302045728
95212,13520.0,2420,8190.0,17.899408284023668,60.57692307692307
95215,9760.0,2040,6370.0,20.901639344262296,65.26639344262296
95219,13830.0,1580,7970.0,11.424439624005785,57.62834417932032
95220,3160.0,390,1950.0,12.341772151898734,61.70886075949367
95222,1990.0,220,1100.0,11.055276381909549,55.27638190954774
95223,1650.0,150,940.0,9.090909090909092,56.96969696969697
95228,2220.0,220,1300.0,9.90990990990991,58.55855855855856
95230,300.0,30,240.0,10.0,80.0
95231,1690.0,370,1180.0,21.893491124260358,69.8224852071006
95232,120.0,0,60.0,0.0,50.0
95236,2510.0,280,1670.0,11.155378486055776,66.53386454183267
95237,1820.0,260,1130.0,14.285714285714285,62.08791208791209
95240,19830.0,3390,11750.0,17.095310136157337,59.25365607665154
95242,13400.0,1210,7800.0,9.029850746268657,58.2089552238806
95245,810.0,100,430.0,12.345679012345679,53.086419753086425
95246,640.0,90,360.0,14.0625,56.25
95247,2120.0,180,1310.0,8.49056603773585,61.79245283018868
95249,1650.0,270,780.0,16.363636363636363,47.27272727272727
95251,300.0,40,180.0,13.333333333333334,60.0
95252,6570.0,710,3560.0,10.80669710806697,54.18569254185692
95255,710.0,120,410.0,16.901408450704224,57.74647887323944
95257,200.0,30,90.0,15.0,45.0
95258,2430.0,260,1560.0,10.699588477366255,64.19753086419753
95301,16760.0,3230,10610.0,19.272076372315038,63.3054892601432
95303,360.0,70,250.0,19.444444444444446,69.44444444444444
95304,6350.0,640,4040.0,10.078740157480315,63.622047244094496
95306,390.0,50,220.0,12.82051282051282,56.41025641025641
95307,19680.0,4120,13310.0,20.934959349593495,67.6321138211382
95310,990.0,100,630.0,10.1010101010101,63.63636363636363
95311,760.0,120,390.0,15.789473684210526,51.31578947368421
95313,560.0,100,430.0,17.857142857142858,76.78571428571429
95315,5380.0,1150,3890.0,21.37546468401487,72.30483271375465
95316,3130.0,390,2020.0,12.460063897763577,64.5367412140575
95317,330.0,40,270.0,12.121212121212121,81.81818181818183
95320,5670.0,580,3610.0,10.229276895943562,63.66843033509701
95321,1600.0,160,850.0,10.0,53.125
95322,4220.0,780,3070.0,18.48341232227488,72.74881516587678
95323,530.0,80,370.0,15.09433962264151,69.81132075471697
95324,3200.0,400,2130.0,12.5,66.5625
95326,4810.0,670,3240.0,13.92931392931393,67.35966735966737
95327,2630.0,380,1530.0,14.44866920152091,58.174904942965775
95328,1920.0,470,1310.0,24.479166666666664,68.22916666666666
95329,1120.0,120,660.0,10.714285714285714,58.92857142857143
95330,15250.0,1790,9510.0,11.737704918032787,62.36065573770492
95333,1140.0,270,790.0,23.684210526315788,69.2982456140351
95334,7230.0,1550,5530.0,21.43845089903181,76.48686030428769
95335,120.0,0,80.0,0.0,66.66666666666666
95336,22540.0,2940,13520.0,13.043478260869565,59.982253771073644
95337,21980.0,2610,13840.0,11.874431301182893,62.9663330300273
95338,4400.0,650,2340.0,14.772727272727273,53.18181818181819
95340,14690.0,2940,8100.0,20.01361470388019,55.13955071477196
95341,13300.0,4030,8500.0,30.30075187969925,63.90977443609023
95345,310.0,50,130.0,16.129032258064516,41.935483870967744
95346,440.0,50,240.0,11.363636363636363,54.54545454545454
95348,14670.0,3460,7620.0,23.585548738922974,51.94274028629857
95350,23490.0,4340,12910.0,18.475947211579395,54.959557258407834
95351,18650.0,5000,12510.0,26.80965147453083,67.07774798927613
95354,10970.0,2380,6180.0,21.695533272561534,56.335460346399266
95355,27360.0,3930,15020.0,14.364035087719298,54.89766081871345
95356,15150.0,1970,8820.0,13.003300330033005,58.21782178217821
95357,6200.0,970,3820.0,15.645161290322582,61.61290322580645
95358,13240.0,2810,9110.0,21.22356495468278,68.80664652567975
95360,5760.0,1110,4020.0,19.270833333333336,69.79166666666666
95361,15170.0,1780,8840.0,11.733684904416613,58.27290705339486
95363,13110.0,2260,8790.0,17.238749046529367,67.04805491990847
95365,1840.0,530,1360.0,28.804347826086957,73.91304347826086
95366,8290.0,660,5030.0,7.961399276236429,60.675512665862485
95367,11370.0,1930,6860.0,16.97449428320141,60.334212840809144
95368,6660.0,1000,3960.0,15.015015015015015,59.45945945945946
95369,360.0,40,230.0,11.11111111111111,63.888888888888886
95370,11840.0,1500,6680.0,12.66891891891892,56.41891891891891
95372,1120.0,110,680.0,9.821428571428571,60.71428571428571
95374,730.0,140,520.0,19.17808219178082,71.23287671232876
95376,24490.0,3220,15440.0,13.148223764801962,63.046141282155986
95377,17560.0,1640,10830.0,9.339407744874716,61.67425968109339
95379,1690.0,240,980.0,14.201183431952662,57.98816568047337
95380,16990.0,3440,11140.0,20.247204237786935,65.56798116539142
95382,16650.0,2050,9970.0,12.312312312312311,59.87987987987988
95383,1920.0,200,1110.0,10.416666666666668,57.8125
95385,130.0,20,80.0,15.384615384615385,61.53846153846154
95386,4540.0,770,2910.0,16.96035242290749,64.09691629955947
95388,5600.0,1440,3870.0,25.71428571428571,69.10714285714286
95389,520.0,0,170.0,0.0,32.69230769230769
95391,9740.0,580,5760.0,5.95482546201232,59.13757700205339
95401,17710.0,1730,9870.0,9.768492377188029,55.73122529644269
95403,21830.0,1840,12310.0,8.428767750801649,56.39028859367843
95404,18900.0,1450,10390.0,7.671957671957672,54.973544973544975
95405,11070.0,690,5810.0,6.233062330623306,52.48419150858176
95407,19350.0,2510,12190.0,12.97157622739018,62.997416020671835
95409,13860.0,740,7610.0,5.339105339105339,54.906204906204906
95410,410.0,80,240.0,19.51219512195122,58.536585365853654
95412,130.0,0,70.0,0.0,53.84615384615385
95415,670.0,100,470.0,14.925373134328357,70.1492537313433
95421,630.0,70,340.0,11.11111111111111,53.96825396825397
95422,5030.0,1560,2510.0,31.01391650099404,49.90059642147117
95423,1340.0,250,670.0,18.65671641791045,50.0
95425,5480.0,440,3430.0,8.02919708029197,62.59124087591241
95428,760.0,240,410.0,31.57894736842105,53.94736842105263
95432,180.0,20,120.0,11.11111111111111,66.66666666666666
95436,2700.0,200,1440.0,7.4074074074074066,53.333333333333336
95437,6550.0,960,4230.0,14.656488549618322,64.58015267175573
95439,450.0,40,290.0,8.88888888888889,64.44444444444444
95441,1050.0,70,770.0,6.666666666666667,73.33333333333333
95442,1400.0,90,880.0,6.428571428571428,62.857142857142854
95444,720.0,60,450.0,8.333333333333332,62.5
95445,1420.0,150,910.0,10.56338028169014,64.08450704225352
95446,2270.0,260,1190.0,11.45374449339207,52.42290748898678
95448,8590.0,560,5680.0,6.519208381839348,66.12339930151339
95449,710.0,110,470.0,15.492957746478872,66.19718309859155
95450,190.0,0,120.0,0.0,63.1578947368421
95451,4880.0,790,2630.0,16.188524590163937,53.893442622950815
95452,750.0,40,490.0,5.333333333333334,65.33333333333333
95453,4770.0,740,2560.0,15.513626834381553,53.66876310272537
95454,870.0,240,530.0,27.586206896551722,60.91954022988506
95456,340.0,30,220.0,8.823529411764707,64.70588235294117
95457,1340.0,260,730.0,19.402985074626866,54.47761194029851
95458,1030.0,250,490.0,24.271844660194176,47.57281553398058
95459,220.0,40,130.0,18.181818181818183,59.09090909090909
95460,1450.0,160,960.0,11.03448275862069,66.20689655172414
95461,1380.0,180,770.0,13.043478260869565,55.79710144927537
95462,570.0,60,330.0,10.526315789473683,57.89473684210527
95464,850.0,220,400.0,25.882352941176475,47.05882352941176
95465,1030.0,80,610.0,7.766990291262135,59.22330097087378
95466,620.0,110,440.0,17.741935483870968,70.96774193548387
95467,2590.0,250,1340.0,9.652509652509652,51.737451737451735
95468,660.0,120,310.0,18.181818181818183,46.96969696969697
95469,660.0,90,440.0,13.636363636363635,66.66666666666666
95470,2510.0,400,1570.0,15.936254980079681,62.54980079681275
95472,13450.0,930,7770.0,6.91449814126394,57.76951672862454
95476,15900.0,970,10110.0,6.10062893081761,63.58490566037736
95482,13430.0,2160,8100.0,16.083395383469842,60.31273268801192
95485,1040.0,240,510.0,23.076923076923077,49.03846153846153
95490,5780.0,1050,2850.0,18.166089965397923,49.30795847750865
95492,13810.0,880,8070.0,6.3721940622737145,58.43591600289645
95494,120.0,0,80.0,0.0,66.66666666666666
95501,9470.0,1650,4350.0,17.423442449841605,45.934530095036955
95503,10400.0,1480,5510.0,14.23076923076923,52.98076923076923
95519,7900.0,1100,4010.0,13.924050632911392,50.75949367088608
95521,8530.0,1360,3330.0,15.943728018757328,39.038686987104334
95524,990.0,90,620.0,9.090909090909092,62.62626262626263
95525,860.0,100,470.0,11.627906976744185,54.65116279069767
95526,130.0,40,60.0,30.76923076923077,46.15384615384615
95527,120.0,20,70.0,16.666666666666664,58.333333333333336
95528,400.0,60,230.0,15.0,57.49999999999999
95531,8340.0,1600,4000.0,19.18465227817746,47.961630695443645
95536,1260.0,150,840.0,11.904761904761903,66.66666666666666
95540,6100.0,1000,3460.0,16.39344262295082,56.72131147540984
95542,770.0,200,470.0,25.97402597402597,61.038961038961034
95543,310.0,30,160.0,9.67741935483871,51.61290322580645
95546,1010.0,320,500.0,31.683168316831683,49.504950495049506
95547,580.0,80,390.0,13.793103448275861,67.24137931034483
95548,370.0,100,190.0,27.027027027027028,51.35135135135135
95549,320.0,30,220.0,9.375,68.75
95551,660.0,100,380.0,15.151515151515152,57.57575757575758
95552,140.0,30,80.0,21.428571428571427,57.14285714285714
95554,120.0,30,70.0,25.0,58.333333333333336
95558,150.0,30,80.0,20.0,53.333333333333336
95560,770.0,180,480.0,23.376623376623375,62.33766233766234
95562,1260.0,280,610.0,22.22222222222222,48.41269841269841
95564,180.0,60,80.0,33.33333333333333,44.44444444444444
95565,370.0,70,190.0,18.91891891891892,51.35135135135135
95567,900.0,150,440.0,16.666666666666664,48.888888888888886
95570,1140.0,150,670.0,13.157894736842104,58.77192982456141
95573,710.0,170,440.0,23.943661971830984,61.97183098591549
95585,130.0,40,80.0,30.76923076923077,61.53846153846154
95589,430.0,110,260.0,25.581395348837212,60.46511627906976
95602,8520.0,630,4920.0,7.394366197183098,57.74647887323944
95603,13160.0,1180,7020.0,8.966565349544073,53.34346504559271
95605,6290.0,1190,3120.0,18.91891891891892,49.60254372019078
95606,130.0,0,100.0,0.0,76.92307692307693
95607,110.0,0,80.0,0.0,72.72727272727273
95608,28830.0,3660,14680.0,12.695109261186262,50.919181408255284
95610,21350.0,2820,9960.0,13.208430913348945,46.65105386416862
95612,610.0,40,410.0,6.557377049180328,67.21311475409836
95614,1960.0,100,1070.0,5.1020408163265305,54.59183673469388
95615,410.0,70,290.0,17.073170731707318,70.73170731707317
95616,16570.0,1120,6540.0,6.75920337960169,39.46891973445987
95618,11370.0,810,4960.0,7.12401055408971,43.6235708003518
95619,2570.0,290,1350.0,11.284046692607005,52.52918287937744
95620,11040.0,1120,6240.0,10.144927536231885,56.52173913043478
95621,20210.0,2490,9260.0,12.320633349826817,45.81890153389411
95623,2200.0,180,1200.0,8.181818181818182,54.54545454545454
95624,30590.0,3520,16100.0,11.507028440666884,52.63157894736842
95626,2610.0,370,1330.0,14.17624521072797,50.95785440613027
95627,1830.0,250,1040.0,13.661202185792352,56.830601092896174
95628,21290.0,1680,10770.0,7.891028651949272,50.58713010803194
95629,430.0,30,250.0,6.976744186046512,58.139534883720934
95630,36900.0,1880,17840.0,5.094850948509485,48.34688346883469
95631,2940.0,260,1510.0,8.843537414965986,51.36054421768708
95632,14620.0,1820,8430.0,12.448700410396716,57.660738714090286
95633,1390.0,170,720.0,12.23021582733813,51.798561151079134
95634,1410.0,160,700.0,11.347517730496454,49.645390070921984
95635,510.0,50,260.0,9.803921568627452,50.98039215686274
95636,250.0,40,120.0,16.0,48.0
95637,130.0,0,70.0,0.0,53.84615384615385
95638,1070.0,90,680.0,8.411214953271028,63.55140186915887
95640,4580.0,460,2340.0,10.043668122270741,51.09170305676856
95641,890.0,120,470.0,13.48314606741573,52.80898876404494
95642,3560.0,420,1810.0,11.797752808988763,50.84269662921348
95645,670.0,100,490.0,14.925373134328357,73.13432835820896
95648,28480.0,1780,15730.0,6.25,55.23174157303371
95650,6450.0,370,3850.0,5.736434108527131,59.68992248062015
95651,400.0,30,240.0,7.5,60.0
95652,250.0,70,110.0,28.000000000000004,44.0
95655,1880.0,210,860.0,11.170212765957446,45.744680851063826
95658,3290.0,200,2030.0,6.079027355623101,61.702127659574465
95659,330.0,30,210.0,9.090909090909092,63.63636363636363
95660,14480.0,3350,7700.0,23.1353591160221,53.17679558011049
95661,15170.0,1050,7780.0,6.921555702043507,51.28543177323665
95662,15740.0,1360,7590.0,8.640406607369759,48.22109275730623
95663,1450.0,80,880.0,5.517241379310345,60.689655172413794
95664,670.0,50,380.0,7.462686567164178,56.71641791044776
95665,2120.0,220,1110.0,10.377358490566039,52.358490566037744
95666,2390.0,250,1140.0,10.460251046025103,47.69874476987448
95667,17050.0,1620,9470.0,9.501466275659824,55.542521994134894
95668,350.0,20,220.0,5.714285714285714,62.857142857142854
95669,1330.0,130,780.0,9.774436090225564,58.64661654135338
95670,26250.0,3690,12870.0,14.057142857142857,49.028571428571425
95672,2260.0,110,1240.0,4.867256637168142,54.86725663716814
95673,7100.0,1210,3670.0,17.04225352112676,51.69014084507042
95674,380.0,30,250.0,7.894736842105263,65.78947368421053
95677,13750.0,1110,6850.0,8.072727272727272,49.81818181818182
95678,20580.0,2150,9670.0,10.44703595724004,46.987366375121475
95681,610.0,80,360.0,13.114754098360656,59.01639344262295
95682,14580.0,1080,7690.0,7.4074074074074066,52.74348422496571
95683,3410.0,130,1990.0,3.812316715542522,58.35777126099707
95684,1250.0,160,680.0,12.8,54.400000000000006
95685,2170.0,180,1180.0,8.294930875576037,54.377880184331794
95687,31000.0,2810,15370.0,9.064516129032258,49.58064516129032
95688,18360.0,1520,10090.0,8.278867102396514,54.95642701525054
95689,680.0,40,360.0,5.88235294117647,52.94117647058824
95690,1090.0,150,720.0,13.761467889908257,66.05504587155964
95691,18260.0,2230,9010.0,12.212486308871851,49.34282584884995
95692,2310.0,290,1190.0,12.554112554112553,51.515151515151516
95693,3460.0,250,2010.0,7.225433526011561,58.092485549132945
95694,4890.0,510,2950.0,10.429447852760736,60.32719836400818
95695,17330.0,2120,9990.0,12.233121754183497,57.64570109636469
95703,910.0,90,520.0,9.89010989010989,57.14285714285714
95709,2280.0,210,1350.0,9.210526315789473,59.210526315789465
95713,3730.0,360,1910.0,9.651474530831099,51.206434316353885
95722,2500.0,150,1410.0,6.0,56.39999999999999
95726,3910.0,460,1830.0,11.76470588235294,46.80306905370844
95742,8810.0,620,4330.0,7.037457434733257,49.148694665153236
95746,10620.0,400,6670.0,3.766478342749529,62.8060263653484
95747,40160.0,2590,20940.0,6.449203187250996,52.1414342629482
95757,24620.0,2580,12750.0,10.479285134037369,51.78716490658002
95758,30530.0,3800,15140.0,12.446773665247298,49.59056665574844
95762,23040.0,840,12870.0,3.6458333333333335,55.859375
95765,19110.0,1140,9520.0,5.965463108320251,49.81684981684982
95776,13580.0,1800,7950.0,13.25478645066274,58.541973490427104
95811,4350.0,530,1410.0,12.183908045977011,32.41379310344827
95814,4660.0,470,1560.0,10.085836909871244,33.47639484978541
95815,10710.0,2690,5320.0,25.11671335200747,49.673202614379086
95816,10250.0,600,3910.0,5.853658536585367,38.146341463414636
95817,6270.0,870,2490.0,13.875598086124402,39.71291866028708
95818,11640.0,1060,5480.0,9.106529209621993,47.07903780068728
95819,9220.0,350,4810.0,3.7960954446854664,52.16919739696312
95820,15870.0,2810,7510.0,17.706364209199748,47.32199117832388
95821,16290.0,3090,8170.0,18.96869244935543,50.15346838551259
95822,20940.0,3580,10680.0,17.096466093600764,51.00286532951289
95823,33440.0,8080,18500.0,24.16267942583732,55.32296650717703
95824,12790.0,3630,7260.0,28.381548084440972,56.763096168881944
95825,15330.0,3060,7520.0,19.960861056751465,49.05414220482713
95826,18330.0,2380,7640.0,12.984178941625752,41.680305510092744
95827,9930.0,1590,4840.0,16.012084592145015,48.74118831822759
95828,28020.0,6140,15180.0,21.912919343326195,54.17558886509636
95829,15840.0,2070,8510.0,13.068181818181818,53.72474747474747
95830,390.0,40,230.0,10.256410256410255,58.97435897435898
95831,21400.0,1820,9980.0,8.504672897196262,46.63551401869159
95832,4920.0,1310,2710.0,26.6260162601626,55.08130081300813
95833,19100.0,3110,8750.0,16.282722513089006,45.811518324607334
95834,17320.0,2690,8610.0,15.531177829099308,49.711316397228636
95835,20070.0,2130,10110.0,10.612855007473842,50.37369207772795
95837,130.0,0,90.0,0.0,69.23076923076923
95838,17430.0,4350,9220.0,24.95697074010327,52.89730349971313
95841,9170.0,1900,4290.0,20.719738276990185,46.78298800436205
95842,14370.0,3100,7290.0,21.572720946416144,50.73068893528184
95843,21610.0,3290,11260.0,15.224433132808885,52.105506709856556
95864,11750.0,800,6580.0,6.808510638297872,56.00000000000001
95901,14450.0,3110,7870.0,21.52249134948097,54.463667820069205
95903,740.0,150,140.0,20.27027027027027,18.91891891891892
95912,2380.0,360,1460.0,15.126050420168067,61.34453781512605
95914,310.0,50,200.0,16.129032258064516,64.51612903225806
95916,210.0,50,140.0,23.809523809523807,66.66666666666666
95917,1400.0,270,880.0,19.28571428571429,62.857142857142854
95918,1000.0,70,630.0,7.000000000000001,63.0
95919,430.0,90,230.0,20.930232558139537,53.48837209302325
95922,190.0,40,120.0,21.052631578947366,63.1578947368421
95925,110.0,0,50.0,0.0,45.45454545454545
95926,15710.0,2150,7030.0,13.685550604710375,44.74856779121579
95928,15650.0,2070,7570.0,13.226837060702875,48.370607028753994
95932,3550.0,570,2230.0,16.056338028169016,62.81690140845071
95935,300.0,70,150.0,23.333333333333332,50.0
95938,1920.0,170,1230.0,8.854166666666668,64.0625
95939,120.0,30,80.0,25.0,66.66666666666666
95941,160.0,30,90.0,18.75,56.25
95942,630.0,60,340.0,9.523809523809524,53.96825396825397
95943,330.0,20,240.0,6.0606060606060606,72.72727272727273
95945,11680.0,1680,6120.0,14.383561643835616,52.3972602739726
95946,4870.0,510,2540.0,10.472279260780287,52.15605749486652
95947,470.0,70,270.0,14.893617021276595,57.446808510638306
95948,4860.0,920,3080.0,18.930041152263374,63.37448559670782
95949,9340.0,930,5060.0,9.957173447537473,54.17558886509636
95953,4780.0,980,3220.0,20.502092050209207,67.36401673640168
95954,3120.0,460,1810.0,14.743589743589745,58.01282051282052
95957,280.0,30,180.0,10.714285714285714,64.28571428571429
95959,8560.0,980,4830.0,11.448598130841122,56.425233644859816
95960,520.0,150,300.0,28.846153846153843,57.692307692307686
95961,13340.0,2560,7390.0,19.1904047976012,55.39730134932533
95962,670.0,120,450.0,17.91044776119403,67.16417910447761
95963,7070.0,1240,4690.0,17.53889674681754,66.33663366336634
95965,7720.0,1910,3840.0,24.740932642487046,49.740932642487046
95966,11670.0,2180,6610.0,18.68037703513282,56.64095972579263
95968,790.0,180,540.0,22.78481012658228,68.35443037974683
95969,4150.0,430,2700.0,10.361445783132531,65.06024096385542
95970,230.0,30,170.0,13.043478260869565,73.91304347826086
95971,2680.0,340,1510.0,12.686567164179104,56.343283582089555
95973,17220.0,1870,8850.0,10.859465737514517,51.393728222996515
95975,770.0,100,430.0,12.987012987012985,55.84415584415584
95977,690.0,110,360.0,15.942028985507244,52.17391304347826
95979,160.0,0,90.0,0.0,56.25
95982,1530.0,190,970.0,12.418300653594772,63.39869281045751
95983,210.0,20,120.0,9.523809523809524,57.14285714285714
95987,3040.0,590,1940.0,19.407894736842106,63.81578947368421
95988,3780.0,650,2360.0,17.195767195767196,62.43386243386243
95991,16990.0,3380,10630.0,19.894055326662745,62.56621542083579
95993,16360.0,2340,11190.0,14.303178484107578,68.39853300733496
96001,14490.0,2060,7000.0,14.216701173222912,48.309178743961354
96002,14580.0,2460,7100.0,16.872427983539097,48.69684499314129
96003,19410.0,2680,9280.0,13.807315816589385,47.81040700669758
96006,210.0,30,130.0,14.285714285714285,61.904761904761905
96007,9710.0,1720,4930.0,17.71369721936148,50.77239958805355
96008,700.0,90,390.0,12.857142857142856,55.714285714285715
96013,1540.0,250,850.0,16.233766233766232,55.1948051948052
96015,130.0,0,70.0,0.0,53.84615384615385
96016,140.0,0,90.0,0.0,64.28571428571429
96019,4190.0,770,1890.0,18.377088305489263,45.10739856801909
96020,1140.0,150,630.0,13.157894736842104,55.26315789473685
96021,6760.0,1480,4390.0,21.893491124260358,64.94082840236686
96022,6880.0,960,3960.0,13.953488372093023,57.55813953488372
96023,430.0,100,270.0,23.25581395348837,62.7906976744186
96024,300.0,50,170.0,16.666666666666664,56.666666666666664
96025,860.0,170,330.0,19.767441860465116,38.372093023255815
96027,840.0,120,420.0,14.285714285714285,50.0
96028,610.0,90,380.0,14.754098360655737,62.295081967213115
96032,940.0,170,510.0,18.085106382978726,54.25531914893617
96033,160.0,20,80.0,12.5,50.0
96034,120.0,0,70.0,0.0,58.333333333333336
96035,1210.0,280,760.0,23.140495867768596,62.8099173553719
96038,250.0,30,140.0,12.0,56.00000000000001
96039,370.0,90,120.0,24.324324324324326,32.432432432432435
96040,110.0,30,60.0,27.27272727272727,54.54545454545454
96041,670.0,180,350.0,26.865671641791046,52.23880597014925
96044,390.0,70,200.0,17.94871794871795,51.28205128205128
96047,280.0,40,180.0,14.285714285714285,64.28571428571429
96048,200.0,40,110.0,20.0,55.00000000000001
96050,110.0,20,50.0,18.181818181818183,45.45454545454545
96051,420.0,70,200.0,16.666666666666664,47.61904761904761
96052,500.0,80,260.0,16.0,52.0
96055,1570.0,280,910.0,17.8343949044586,57.961783439490446
96056,610.0,80,400.0,13.114754098360656,65.57377049180327
96057,580.0,90,250.0,15.517241379310345,43.103448275862064
96058,370.0,50,250.0,13.513513513513514,67.56756756756756
96059,210.0,40,130.0,19.047619047619047,61.904761904761905
96062,460.0,40,280.0,8.695652173913043,60.86956521739131
96064,1680.0,280,850.0,16.666666666666664,50.595238095238095
96065,140.0,30,70.0,21.428571428571427,50.0
96067,3540.0,440,1770.0,12.429378531073446,50.0
96069,340.0,50,200.0,14.705882352941178,58.82352941176471
96073,2180.0,150,1350.0,6.8807339449541285,61.92660550458715
96080,12090.0,2100,6370.0,17.3697270471464,52.68817204301075
96088,1950.0,280,1070.0,14.358974358974358,54.871794871794876
96091,210.0,30,130.0,14.285714285714285,61.904761904761905
96094,2820.0,480,1180.0,17.02127659574468,41.843971631205676
96096,310.0,40,160.0,12.903225806451612,51.61290322580645
96097,4230.0,810,2020.0,19.148936170212767,47.75413711583924
96101,2000.0,400,1030.0,20.0,51.5
96103,750.0,40,460.0,5.333333333333334,61.33333333333333
96104,290.0,40,170.0,13.793103448275861,58.620689655172406
96105,180.0,20,80.0,11.11111111111111,44.44444444444444
96107,390.0,70,180.0,17.94871794871795,46.15384615384615
96109,300.0,50,150.0,16.666666666666664,50.0
96114,1280.0,130,770.0,10.15625,60.15625
96117,130.0,20,70.0,15.384615384615385,53.84615384615385
96118,600.0,70,290.0,11.666666666666666,48.333333333333336
96120,400.0,50,210.0,12.5,52.5
96121,170.0,0,90.0,0.0,52.94117647058824
96122,1760.0,270,950.0,15.340909090909092,53.97727272727273
96124,170.0,0,70.0,0.0,41.17647058823529
96128,230.0,30,130.0,13.043478260869565,56.52173913043478
96130,6050.0,900,3270.0,14.87603305785124,54.049586776859506
96134,930.0,170,610.0,18.27956989247312,65.59139784946237
96137,1190.0,170,670.0,14.285714285714285,56.30252100840336
96146,760.0,60,390.0,7.894736842105263,51.31578947368421
96150,9690.0,1120,4450.0,11.55830753353973,45.923632610939116
96161,7380.0,470,3770.0,6.368563685636857,51.0840108401084
99999,316940.0,42100,205820.0,13.283271281630594,64.93973622767716
